"reviewStatus","reviewer","reviewNotes","bookTitle","grade","term","readingType","regionId","chapterTitle","questionType","difficulty","prompt","options","answerIndex","answerText","answerRubric","successResponse","retryResponse","sourceLabel","sourceExcerpt","bookId","chapterId","questionId"
"pending","","","365夜故事","1","上册","必读","magic-forest","02.雪孩子","memory","1","林间守护者轻声问：刚才这段里，哪个线索最值得记住？","妈妈我也去我也去 | 不你不能去 | 不我要去我要去","0","妈妈我也去我也去","","林间守护者点点头：对，就是这个线索。你已经抓住故事里的关键了。","林间守护者提醒你：回到刚才读过的片段，找一找反复出现或推动情节的词。","《365夜故事》·02.雪孩子","雪花把树枝盖得满满的，压得弯弯的，地面上粉白
一片，小木屋的屋顶上像铺了一条厚厚的绒被子。","local-1年级-一年级上册必读-365夜故事","local-1年级-一年级上册必读-365夜故事-chapter-1","local-1年级-一年级上册必读-365夜故事-chapter-1-q1"
"pending","","","365夜故事","1","上册","必读","magic-forest","02.雪孩子","plot_choice","2","林间守护者摊开地图：如果要继续冒险，下面哪个行动最像这一段故事接下来会发生的事？","沿着“妈妈我也去我也去”这条线索继续找 | 先离开故事去做别的事 | 假装什么都没有发生","0","沿着“妈妈我也去我也去”这条线索继续找","","林间守护者露出笑容：没错，真正的冒险者会顺着故事线索往前走。","林间守护者指了指书页：想一想，这一段里什么事情让故事继续前进？","《365夜故事》·02.雪孩子","一起跳舞又唱歌，
身上真暖和，心里也快活……
雪孩子正高兴着呢，忽然看见小木屋的窗口里，呼呼地冒出烟来，
不一会儿，又冒出火光来。","local-1年级-一年级上册必读-365夜故事","local-1年级-一年级上册必读-365夜故事-chapter-1","local-1年级-一年级上册必读-365夜故事-chapter-1-q2"
"pending","","","365夜故事","1","上册","必读","magic-forest","02.雪孩子","npc_dialogue","2","林间守护者说：请用一句话告诉我，这段故事里发生了什么重要变化？","","","围绕“妈妈我也去我也去”说明故事变化","提到“妈妈我也去我也去”或同义线索 | 能说明人物、事件或情绪的变化 | 不是只抄一句无关原文","林间守护者把这条线索记进冒险日志：说得好，我们可以继续前进了。","林间守护者温和地说：可以再具体一点，说说谁做了什么，或者发生了什么变化。","《365夜故事》·02.雪孩子","这朵白云跟雪孩子一模一样，还笑着向小白兔招手呢。","local-1年级-一年级上册必读-365夜故事","local-1年级-一年级上册必读-365夜故事-chapter-1","local-1年级-一年级上册必读-365夜故事-chapter-1-q3"
"pending","","","365夜故事","1","上册","必读","magic-forest","04.星星树","memory","1","林间守护者轻声问：刚才这段里，哪个线索最值得记住？","星星 | 傻星星 | 我就送你走","0","星星","","林间守护者点点头：对，就是这个线索。你已经抓住故事里的关键了。","林间守护者提醒你：回到刚才读过的片段，找一找反复出现或推动情节的词。","《365夜故事》·04.星星树","〔美〕托比·斯皮德著　白冰译
很久很久以前，当星星们最初在天上编织出图案时，它们不时地到
处游历。","local-1年级-一年级上册必读-365夜故事","local-1年级-一年级上册必读-365夜故事-chapter-2","local-1年级-一年级上册必读-365夜故事-chapter-2-q1"
"pending","","","365夜故事","1","上册","必读","magic-forest","04.星星树","plot_choice","2","林间守护者摊开地图：如果要继续冒险，下面哪个行动最像这一段故事接下来会发生的事？","沿着“星星”这条线索继续找 | 先离开故事去做别的事 | 假装什么都没有发生","0","沿着“星星”这条线索继续找","","林间守护者露出笑容：没错，真正的冒险者会顺着故事线索往前走。","林间守护者指了指书页：想一想，这一段里什么事情让故事继续前进？","《365夜故事》·04.星星树","刹那间，公主跳了起来，把两半苹果往一起一拍，
扣住了小星星。","local-1年级-一年级上册必读-365夜故事","local-1年级-一年级上册必读-365夜故事-chapter-2","local-1年级-一年级上册必读-365夜故事-chapter-2-q2"
"pending","","","365夜故事","1","上册","必读","magic-forest","04.星星树","npc_dialogue","2","林间守护者说：请用一句话告诉我，这段故事里发生了什么重要变化？","","","围绕“星星”说明故事变化","提到“星星”或同义线索 | 能说明人物、事件或情绪的变化 | 不是只抄一句无关原文","林间守护者把这条线索记进冒险日志：说得好，我们可以继续前进了。","林间守护者温和地说：可以再具体一点，说说谁做了什么，或者发生了什么变化。","《365夜故事》·04.星星树","在
它飞走之前，它在所有的苹果中，都留下了星星的印迹。","local-1年级-一年级上册必读-365夜故事","local-1年级-一年级上册必读-365夜故事-chapter-2","local-1年级-一年级上册必读-365夜故事-chapter-2-q3"
"pending","","","365夜故事","1","上册","必读","magic-forest","09.糖猫","memory","1","林间守护者轻声问：刚才这段里，哪个线索最值得记住？","糖猫 | 胆大的老鼠 | 猫大王你会捉老鼠吗","0","糖猫","","林间守护者点点头：对，就是这个线索。你已经抓住故事里的关键了。","林间守护者提醒你：回到刚才读过的片段，找一找反复出现或推动情节的词。","《365夜故事》·09.糖猫","根据钟子芒同名童话改编
你见过糖猫吗？","local-1年级-一年级上册必读-365夜故事","local-1年级-一年级上册必读-365夜故事-chapter-3","local-1年级-一年级上册必读-365夜故事-chapter-3-q1"
"pending","","","365夜故事","1","上册","必读","magic-forest","09.糖猫","plot_choice","2","林间守护者摊开地图：如果要继续冒险，下面哪个行动最像这一段故事接下来会发生的事？","沿着“糖猫”这条线索继续找 | 先离开故事去做别的事 | 假装什么都没有发生","0","沿着“糖猫”这条线索继续找","","林间守护者露出笑容：没错，真正的冒险者会顺着故事线索往前走。","林间守护者指了指书页：想一想，这一段里什么事情让故事继续前进？","《365夜故事》·09.糖猫","”
三只老鼠看见糖猫没有来追他们，又叫他们自己走过去，觉得很奇
怪，心想：这只猫大概没有学过捉老鼠的本领吧。","local-1年级-一年级上册必读-365夜故事","local-1年级-一年级上册必读-365夜故事-chapter-3","local-1年级-一年级上册必读-365夜故事-chapter-3-q2"
"pending","","","365夜故事","1","上册","必读","magic-forest","09.糖猫","npc_dialogue","2","林间守护者说：请用一句话告诉我，这段故事里发生了什么重要变化？","","","围绕“糖猫”说明故事变化","提到“糖猫”或同义线索 | 能说明人物、事件或情绪的变化 | 不是只抄一句无关原文","林间守护者把这条线索记进冒险日志：说得好，我们可以继续前进了。","林间守护者温和地说：可以再具体一点，说说谁做了什么，或者发生了什么变化。","《365夜故事》·09.糖猫","糖猫急了，想逃，可是他
的四只脚已经被老鼠吃掉了，他跑不了啦。","local-1年级-一年级上册必读-365夜故事","local-1年级-一年级上册必读-365夜故事-chapter-3","local-1年级-一年级上册必读-365夜故事-chapter-3-q3"
"pending","","","小巴掌童话","1","上册","必读","magic-forest","小巴掌童话 片段 1","memory","1","林间守护者轻声问：刚才这段里，哪个线索最值得记住？","来吧 | 每人五颗 | 不用","0","来吧","","林间守护者点点头：对，就是这个线索。你已经抓住故事里的关键了。","林间守护者提醒你：回到刚才读过的片段，找一找反复出现或推动情节的词。","《小巴掌童话》·小巴掌童话 片段 1","他爱讲话，爱做小动作，还爱胡思乱想。","local-1年级-一年级上册必读-小巴掌童话","local-1年级-一年级上册必读-小巴掌童话-chapter-1","local-1年级-一年级上册必读-小巴掌童话-chapter-1-q1"
"pending","","","小巴掌童话","1","上册","必读","magic-forest","小巴掌童话 片段 1","plot_choice","2","林间守护者摊开地图：如果要继续冒险，下面哪个行动最像这一段故事接下来会发生的事？","沿着“来吧”这条线索继续找 | 先离开故事去做别的事 | 假装什么都没有发生","0","沿着“来吧”这条线索继续找","","林间守护者露出笑容：没错，真正的冒险者会顺着故事线索往前走。","林间守护者指了指书页：想一想，这一段里什么事情让故事继续前进？","《小巴掌童话》·小巴掌童话 片段 1","月亮洒下银白色的光，把山坡照亮，把森林照亮，也把贪心鬼的小
屋照亮。","local-1年级-一年级上册必读-小巴掌童话","local-1年级-一年级上册必读-小巴掌童话-chapter-1","local-1年级-一年级上册必读-小巴掌童话-chapter-1-q2"
"pending","","","小巴掌童话","1","上册","必读","magic-forest","小巴掌童话 片段 1","npc_dialogue","2","林间守护者说：请用一句话告诉我，这段故事里发生了什么重要变化？","","","围绕“他说”说明故事变化","提到“他说”或同义线索 | 能说明人物、事件或情绪的变化 | 不是只抄一句无关原文","林间守护者把这条线索记进冒险日志：说得好，我们可以继续前进了。","林间守护者温和地说：可以再具体一点，说说谁做了什么，或者发生了什么变化。","《小巴掌童话》·小巴掌童话 片段 1","”
床没说话，却轻轻地哼唱起来：
北风吹，北风吹，
小鼹鼠在家吃吃又睡睡；
雪花下，雪花下，
飘不进鼹鼠温暖的家
……
这下小刺猬放心了，他说：
“
可是这会儿我肚子咕咕叫呢！","local-1年级-一年级上册必读-小巴掌童话","local-1年级-一年级上册必读-小巴掌童话-chapter-1","local-1年级-一年级上册必读-小巴掌童话-chapter-1-q3"
"pending","","","小巴掌童话","1","上册","必读","magic-forest","小巴掌童话 片段 2","memory","1","林间守护者轻声问：刚才这段里，哪个线索最值得记住？","喵呜 | 猫捉老鼠回旋曲 | 小老鼠尖嘴","0","喵呜","","林间守护者点点头：对，就是这个线索。你已经抓住故事里的关键了。","林间守护者提醒你：回到刚才读过的片段，找一找反复出现或推动情节的词。","《小巴掌童话》·小巴掌童话 片段 2","过会儿睁眼瞧
——
你的床柜上
会有栗子、枣
……
小刺猬闭上眼睛，过会儿再睁眼一瞧，他的床柜上真的又有栗子又
有枣，栗子还是剥了壳的呢。","local-1年级-一年级上册必读-小巴掌童话","local-1年级-一年级上册必读-小巴掌童话-chapter-2","local-1年级-一年级上册必读-小巴掌童话-chapter-2-q1"
"pending","","","小巴掌童话","1","上册","必读","magic-forest","小巴掌童话 片段 2","plot_choice","2","林间守护者摊开地图：如果要继续冒险，下面哪个行动最像这一段故事接下来会发生的事？","沿着“袜子”这条线索继续找 | 先离开故事去做别的事 | 假装什么都没有发生","0","沿着“袜子”这条线索继续找","","林间守护者露出笑容：没错，真正的冒险者会顺着故事线索往前走。","林间守护者指了指书页：想一想，这一段里什么事情让故事继续前进？","《小巴掌童话》·小巴掌童话 片段 2","这
上面有两双袜子特别好看，很有艺术价值，给我做收藏品吧。","local-1年级-一年级上册必读-小巴掌童话","local-1年级-一年级上册必读-小巴掌童话-chapter-2","local-1年级-一年级上册必读-小巴掌童话-chapter-2-q2"
"pending","","","小巴掌童话","1","上册","必读","magic-forest","小巴掌童话 片段 2","npc_dialogue","2","林间守护者说：请用一句话告诉我，这段故事里发生了什么重要变化？","","","围绕“猫捉老鼠回旋曲”说明故事变化","提到“猫捉老鼠回旋曲”或同义线索 | 能说明人物、事件或情绪的变化 | 不是只抄一句无关原文","林间守护者把这条线索记进冒险日志：说得好，我们可以继续前进了。","林间守护者温和地说：可以再具体一点，说说谁做了什么，或者发生了什么变化。","《小巴掌童话》·小巴掌童话 片段 2","这只干了许多坏事的小老鼠，最后死于心脏病突发，而在他离开世
界的最后一刻，耳边响的仍然是
——
《猫捉老鼠回旋曲》。","local-1年级-一年级上册必读-小巴掌童话","local-1年级-一年级上册必读-小巴掌童话-chapter-2","local-1年级-一年级上册必读-小巴掌童话-chapter-2-q3"
"pending","","","小巴掌童话","1","上册","必读","magic-forest","小巴掌童话 片段 3","memory","1","林间守护者轻声问：刚才这段里，哪个线索最值得记住？","大嘴巴 | 胖墩儿 | 早上好朋友","0","大嘴巴","","林间守护者点点头：对，就是这个线索。你已经抓住故事里的关键了。","林间守护者提醒你：回到刚才读过的片段，找一找反复出现或推动情节的词。","《小巴掌童话》·小巴掌童话 片段 3","8.
锯成两半儿的月亮
小青蛙蹲在荷叶上，他在数着池塘里的星星，一颗、两颗、三颗，
数着数着，他打起了瞌睡。","local-1年级-一年级上册必读-小巴掌童话","local-1年级-一年级上册必读-小巴掌童话-chapter-3","local-1年级-一年级上册必读-小巴掌童话-chapter-3-q1"
"pending","","","小巴掌童话","1","上册","必读","magic-forest","小巴掌童话 片段 3","plot_choice","2","林间守护者摊开地图：如果要继续冒险，下面哪个行动最像这一段故事接下来会发生的事？","沿着“大嘴巴”这条线索继续找 | 先离开故事去做别的事 | 假装什么都没有发生","0","沿着“大嘴巴”这条线索继续找","","林间守护者露出笑容：没错，真正的冒险者会顺着故事线索往前走。","林间守护者指了指书页：想一想，这一段里什么事情让故事继续前进？","《小巴掌童话》·小巴掌童话 片段 3","最后，豪猪大夫为蛤蟆先生开了一张药方。","local-1年级-一年级上册必读-小巴掌童话","local-1年级-一年级上册必读-小巴掌童话-chapter-3","local-1年级-一年级上册必读-小巴掌童话-chapter-3-q2"
"pending","","","小巴掌童话","1","上册","必读","magic-forest","小巴掌童话 片段 3","npc_dialogue","2","林间守护者说：请用一句话告诉我，这段故事里发生了什么重要变化？","","","围绕“大嘴巴”说明故事变化","提到“大嘴巴”或同义线索 | 能说明人物、事件或情绪的变化 | 不是只抄一句无关原文","林间守护者把这条线索记进冒险日志：说得好，我们可以继续前进了。","林间守护者温和地说：可以再具体一点，说说谁做了什么，或者发生了什么变化。","《小巴掌童话》·小巴掌童话 片段 3","过了好久好久，鼹鼠先生不说话，兔子先生也沉默不语，他不想打
断鼹鼠先生的思索。","local-1年级-一年级上册必读-小巴掌童话","local-1年级-一年级上册必读-小巴掌童话-chapter-3","local-1年级-一年级上册必读-小巴掌童话-chapter-3-q3"
"pending","","","没头脑和不高兴","2","上册","必读","magic-forest","没头脑和不高兴 片段 1","memory","1","林间守护者轻声问：刚才这段里，哪个线索最值得记住？","注音版没头 | 脑和不高兴 | 任溶溶著浙","0","注音版没头","","林间守护者点点头：对，就是这个线索。你已经抓住故事里的关键了。","林间守护者提醒你：回到刚才读过的片段，找一找反复出现或推动情节的词。","《没头脑和不高兴》·没头脑和不高兴 片段 1","注音版
没头脑和不高兴
任溶溶 著
浙版数媒

欢迎了。","local-2年级-二年级上册必读-没头脑和不高兴","local-2年级-二年级上册必读-没头脑和不高兴-chapter-1","local-2年级-二年级上册必读-没头脑和不高兴-chapter-1-q1"
"pending","","","没头脑和不高兴","2","上册","必读","magic-forest","没头脑和不高兴 片段 1","plot_choice","2","林间守护者摊开地图：如果要继续冒险，下面哪个行动最像这一段故事接下来会发生的事？","沿着“注音版没头”这条线索继续找 | 先离开故事去做别的事 | 假装什么都没有发生","0","沿着“注音版没头”这条线索继续找","","林间守护者露出笑容：没错，真正的冒险者会顺着故事线索往前走。","林间守护者指了指书页：想一想，这一段里什么事情让故事继续前进？","《没头脑和不高兴》·没头脑和不高兴 片段 1","tā
他
zhǎo
找
dào
到
shū
书
bāo
包
，
zǒu
走
le
了
。","local-2年级-二年级上册必读-没头脑和不高兴","local-2年级-二年级上册必读-没头脑和不高兴-chapter-1","local-2年级-二年级上册必读-没头脑和不高兴-chapter-1-q2"
"pending","","","没头脑和不高兴","2","上册","必读","magic-forest","没头脑和不高兴 片段 1","npc_dialogue","2","林间守护者说：请用一句话告诉我，这段故事里发生了什么重要变化？","","","围绕“注音版没头”说明故事变化","提到“注音版没头”或同义线索 | 能说明人物、事件或情绪的变化 | 不是只抄一句无关原文","林间守护者把这条线索记进冒险日志：说得好，我们可以继续前进了。","林间守护者温和地说：可以再具体一点，说说谁做了什么，或者发生了什么变化。","《没头脑和不高兴》·没头脑和不高兴 片段 1","méi
没
tóu
头
nǎo
脑
zuò
坐
xià
下
zuò
做
ɡōnɡ
功
kè
课
，
liàn
练
xí
习
běn
本","local-2年级-二年级上册必读-没头脑和不高兴","local-2年级-二年级上册必读-没头脑和不高兴-chapter-1","local-2年级-二年级上册必读-没头脑和不高兴-chapter-1-q3"
"pending","","","没头脑和不高兴","2","上册","必读","magic-forest","没头脑和不高兴 片段 2","memory","1","林间守护者轻声问：刚才这段里，哪个线索最值得记住？","没头脑和不高兴 | 小路 | 星光","0","没头脑和不高兴","","林间守护者点点头：对，就是这个线索。你已经抓住故事里的关键了。","林间守护者提醒你：回到刚才读过的片段，找一找反复出现或推动情节的词。","《没头脑和不高兴》·没头脑和不高兴 片段 2","zěn
怎
me
么
yě
也
zhǎo
找
bù
不
zháo
着
。","local-2年级-二年级上册必读-没头脑和不高兴","local-2年级-二年级上册必读-没头脑和不高兴-chapter-2","local-2年级-二年级上册必读-没头脑和不高兴-chapter-2-q1"
"pending","","","没头脑和不高兴","2","上册","必读","magic-forest","没头脑和不高兴 片段 2","plot_choice","2","林间守护者摊开地图：如果要继续冒险，下面哪个行动最像这一段故事接下来会发生的事？","沿着“没头脑和不高兴”这条线索继续找 | 先离开故事去做别的事 | 假装什么都没有发生","0","沿着“没头脑和不高兴”这条线索继续找","","林间守护者露出笑容：没错，真正的冒险者会顺着故事线索往前走。","林间守护者指了指书页：想一想，这一段里什么事情让故事继续前进？","《没头脑和不高兴》·没头脑和不高兴 片段 2","kě
可
shì
是
kè
课
běn
本
ne
呢
？","local-2年级-二年级上册必读-没头脑和不高兴","local-2年级-二年级上册必读-没头脑和不高兴-chapter-2","local-2年级-二年级上册必读-没头脑和不高兴-chapter-2-q2"
"pending","","","没头脑和不高兴","2","上册","必读","magic-forest","没头脑和不高兴 片段 2","npc_dialogue","2","林间守护者说：请用一句话告诉我，这段故事里发生了什么重要变化？","","","围绕“没头脑和不高兴”说明故事变化","提到“没头脑和不高兴”或同义线索 | 能说明人物、事件或情绪的变化 | 不是只抄一句无关原文","林间守护者把这条线索记进冒险日志：说得好，我们可以继续前进了。","林间守护者温和地说：可以再具体一点，说说谁做了什么，或者发生了什么变化。","《没头脑和不高兴》·没头脑和不高兴 片段 2","”
tā
他
yī
一
bù
不
ɡāo
高
xìnɡ
兴
，
ɡōnɡ
功
kè
课
yě
也
bù
不
zuò
做
le
了
，
jiù
就
shànɡ
上
chuánɡ
床
qù
去
shuì
睡
jiào
觉
。","local-2年级-二年级上册必读-没头脑和不高兴","local-2年级-二年级上册必读-没头脑和不高兴-chapter-2","local-2年级-二年级上册必读-没头脑和不高兴-chapter-2-q3"
"pending","","","没头脑和不高兴","2","上册","必读","magic-forest","没头脑和不高兴 片段 3","memory","1","林间守护者轻声问：刚才这段里，哪个线索最值得记住？","xìnɡ兴 | 小路 | 星光","0","xìnɡ兴","","林间守护者点点头：对，就是这个线索。你已经抓住故事里的关键了。","林间守护者提醒你：回到刚才读过的片段，找一找反复出现或推动情节的词。","《没头脑和不高兴》·没头脑和不高兴 片段 3","méi
没
tóu
头
nǎo
脑
tǎnɡ
躺
zài
在
chuánɡ
床
shɑnɡ
上
，
xīn
心
li
里
shuō
说
：
“
zhè
这
diǎn
点
xiǎo
小
shì
事
，
yě
也
fàn
犯
de
得
zháo
着
dí
嘀
ɡu
咕
ɡè
个
méi
没
wán
完
！","local-2年级-二年级上册必读-没头脑和不高兴","local-2年级-二年级上册必读-没头脑和不高兴-chapter-3","local-2年级-二年级上册必读-没头脑和不高兴-chapter-3-q1"
"pending","","","没头脑和不高兴","2","上册","必读","magic-forest","没头脑和不高兴 片段 3","plot_choice","2","林间守护者摊开地图：如果要继续冒险，下面哪个行动最像这一段故事接下来会发生的事？","沿着“xìnɡ兴”这条线索继续找 | 先离开故事去做别的事 | 假装什么都没有发生","0","沿着“xìnɡ兴”这条线索继续找","","林间守护者露出笑容：没错，真正的冒险者会顺着故事线索往前走。","林间守护者指了指书页：想一想，这一段里什么事情让故事继续前进？","《没头脑和不高兴》·没头脑和不高兴 片段 3","zhēn
真
bǎ
把
rén
人
fán
烦
sǐ
死
le
了
。","local-2年级-二年级上册必读-没头脑和不高兴","local-2年级-二年级上册必读-没头脑和不高兴-chapter-3","local-2年级-二年级上册必读-没头脑和不高兴-chapter-3-q2"
"pending","","","没头脑和不高兴","2","上册","必读","magic-forest","没头脑和不高兴 片段 3","npc_dialogue","2","林间守护者说：请用一句话告诉我，这段故事里发生了什么重要变化？","","","围绕“xìnɡ兴”说明故事变化","提到“xìnɡ兴”或同义线索 | 能说明人物、事件或情绪的变化 | 不是只抄一句无关原文","林间守护者把这条线索记进冒险日志：说得好，我们可以继续前进了。","林间守护者温和地说：可以再具体一点，说说谁做了什么，或者发生了什么变化。","《没头脑和不高兴》·没头脑和不高兴 片段 3","wǒ
我
kàn
看
nǐ
你
yɑ
呀
，
shù
竖
méi
眉
mɑo
毛
，
dènɡ
瞪
yǎn
眼
jinɡ
睛","local-2年级-二年级上册必读-没头脑和不高兴","local-2年级-二年级上册必读-没头脑和不高兴-chapter-3","local-2年级-二年级上册必读-没头脑和不高兴-chapter-3-q3"
"pending","","","安徒生童话","2","下册","必读","magic-forest","安徒生童话 片段 1","memory","1","林间守护者轻声问：刚才这段里，哪个线索最值得记住？","打火匣 | 拿钱 | 这倒挺好","0","打火匣","","林间守护者点点头：对，就是这个线索。你已经抓住故事里的关键了。","林间守护者提醒你：回到刚才读过的片段，找一找反复出现或推动情节的词。","《安徒生童话》·安徒生童话 片段 1","安徒生的父亲是一名贫穷的鞋匠，
母亲则出外帮人洗衣贴补家用。","local-2年级-二年级下册必读-安徒生童话","local-2年级-二年级下册必读-安徒生童话-chapter-1","local-2年级-二年级下册必读-安徒生童话-chapter-1-q1"
"pending","","","安徒生童话","2","下册","必读","magic-forest","安徒生童话 片段 1","plot_choice","2","林间守护者摊开地图：如果要继续冒险，下面哪个行动最像这一段故事接下来会发生的事？","沿着“打火匣”这条线索继续找 | 先离开故事去做别的事 | 假装什么都没有发生","0","沿着“打火匣”这条线索继续找","","林间守护者露出笑容：没错，真正的冒险者会顺着故事线索往前走。","林间守护者指了指书页：想一想，这一段里什么事情让故事继续前进？","《安徒生童话》·安徒生童话 片段 1","你一点也不用怕它，只需要把它
放在我的围裙上，它就不会伤害你了，你可以从那口箱子里取金币，想
拿多少就拿多少。","local-2年级-二年级下册必读-安徒生童话","local-2年级-二年级下册必读-安徒生童话-chapter-1","local-2年级-二年级下册必读-安徒生童话-chapter-1-q2"
"pending","","","安徒生童话","2","下册","必读","magic-forest","安徒生童话 片段 1","npc_dialogue","2","林间守护者说：请用一句话告诉我，这段故事里发生了什么重要变化？","","","围绕“打火匣”说明故事变化","提到“打火匣”或同义线索 | 能说明人物、事件或情绪的变化 | 不是只抄一句无关原文","林间守护者把这条线索记进冒险日志：说得好，我们可以继续前进了。","林间守护者温和地说：可以再具体一点，说说谁做了什么，或者发生了什么变化。","《安徒生童话》·安徒生童话 片段 1","”
士兵说道，
“
赶紧告诉我，你要它做什么用。","local-2年级-二年级下册必读-安徒生童话","local-2年级-二年级下册必读-安徒生童话-chapter-1","local-2年级-二年级下册必读-安徒生童话-chapter-1-q3"
"pending","","","安徒生童话","2","下册","必读","magic-forest","安徒生童话 片段 2","memory","1","林间守护者轻声问：刚才这段里，哪个线索最值得记住？","怎么回事 | 在这里 | 你去哪儿都看不到她","0","怎么回事","","林间守护者点点头：对，就是这个线索。你已经抓住故事里的关键了。","林间守护者提醒你：回到刚才读过的片段，找一找反复出现或推动情节的词。","《安徒生童话》·安徒生童话 片段 2","士兵把所有的
金币都用巫婆的围裙包了起来背在肩膀上，又把打火匣放在了口袋里，
然后向着城市进发。","local-2年级-二年级下册必读-安徒生童话","local-2年级-二年级下册必读-安徒生童话-chapter-2","local-2年级-二年级下册必读-安徒生童话-chapter-2-q1"
"pending","","","安徒生童话","2","下册","必读","magic-forest","安徒生童话 片段 2","plot_choice","2","林间守护者摊开地图：如果要继续冒险，下面哪个行动最像这一段故事接下来会发生的事？","沿着“怎么回事”这条线索继续找 | 先离开故事去做别的事 | 假装什么都没有发生","0","沿着“怎么回事”这条线索继续找","","林间守护者露出笑容：没错，真正的冒险者会顺着故事线索往前走。","林间守护者指了指书页：想一想，这一段里什么事情让故事继续前进？","《安徒生童话》·安徒生童话 片段 2","士兵太思念那位可爱的公主了，还想再见见她。","local-2年级-二年级下册必读-安徒生童话","local-2年级-二年级下册必读-安徒生童话-chapter-2","local-2年级-二年级下册必读-安徒生童话-chapter-2-q2"
"pending","","","安徒生童话","2","下册","必读","magic-forest","安徒生童话 片段 2","npc_dialogue","2","林间守护者说：请用一句话告诉我，这段故事里发生了什么重要变化？","","","围绕“怎么回事”说明故事变化","提到“怎么回事”或同义线索 | 能说明人物、事件或情绪的变化 | 不是只抄一句无关原文","林间守护者把这条线索记进冒险日志：说得好，我们可以继续前进了。","林间守护者温和地说：可以再具体一点，说说谁做了什么，或者发生了什么变化。","《安徒生童话》·安徒生童话 片段 2","”
国王苦苦哀求，可是狗还是把他和王后一起叼","local-2年级-二年级下册必读-安徒生童话","local-2年级-二年级下册必读-安徒生童话-chapter-2","local-2年级-二年级下册必读-安徒生童话-chapter-2-q3"
"pending","","","安徒生童话","2","下册","必读","magic-forest","安徒生童话 片段 3","memory","1","林间守护者轻声问：刚才这段里，哪个线索最值得记住？","万岁 | 问候 | 当然没问题","0","万岁","","林间守护者点点头：对，就是这个线索。你已经抓住故事里的关键了。","林间守护者提醒你：回到刚才读过的片段，找一找反复出现或推动情节的词。","《安徒生童话》·安徒生童话 片段 3","士兵们也害怕了，然后人们喊了起来：
“
年轻的士
兵，你来做我们的国王吧，和我们美丽的公主结婚！","local-2年级-二年级下册必读-安徒生童话","local-2年级-二年级下册必读-安徒生童话-chapter-3","local-2年级-二年级下册必读-安徒生童话-chapter-3-q1"
"pending","","","安徒生童话","2","下册","必读","magic-forest","安徒生童话 片段 3","plot_choice","2","林间守护者摊开地图：如果要继续冒险，下面哪个行动最像这一段故事接下来会发生的事？","沿着“万岁”这条线索继续找 | 先离开故事去做别的事 | 假装什么都没有发生","0","沿着“万岁”这条线索继续找","","林间守护者露出笑容：没错，真正的冒险者会顺着故事线索往前走。","林间守护者指了指书页：想一想，这一段里什么事情让故事继续前进？","《安徒生童话》·安徒生童话 片段 3","小克劳斯爬到上面躺了下来，翻了个身找到一个舒服的姿势。","local-2年级-二年级下册必读-安徒生童话","local-2年级-二年级下册必读-安徒生童话-chapter-3","local-2年级-二年级下册必读-安徒生童话-chapter-3-q2"
"pending","","","安徒生童话","2","下册","必读","magic-forest","安徒生童话 片段 3","npc_dialogue","2","林间守护者说：请用一句话告诉我，这段故事里发生了什么重要变化？","","","围绕“万岁”说明故事变化","提到“万岁”或同义线索 | 能说明人物、事件或情绪的变化 | 不是只抄一句无关原文","林间守护者把这条线索记进冒险日志：说得好，我们可以继续前进了。","林间守护者温和地说：可以再具体一点，说说谁做了什么，或者发生了什么变化。","《安徒生童话》·安徒生童话 片段 3","此时，小克劳斯
又开始踩他的袋子，弄得吱吱作响。","local-2年级-二年级下册必读-安徒生童话","local-2年级-二年级下册必读-安徒生童话-chapter-3","local-2年级-二年级下册必读-安徒生童话-chapter-3-q3"
"pending","","","绿野仙踪","2","下册","必读","sky-kingdom","第一章　遭遇龙卷风","memory","1","云端信使轻声问：刚才这段里，哪个线索最值得记住？","龙卷风避难穴 | 龙卷风要来了艾姆 | 我去看看牲口","0","龙卷风避难穴","","云端信使点点头：对，就是这个线索。你已经抓住故事里的关键了。","云端信使提醒你：回到刚才读过的片段，找一找反复出现或推动情节的词。","《绿野仙踪》·第一章　遭遇龙卷风","多萝茜和亨利叔叔、艾姆婶婶一起住在一望无垠的堪萨斯大草原
上，一家人靠农牧为生。","local-2年级-二年级下册必读-绿野仙踪","local-2年级-二年级下册必读-绿野仙踪-chapter-1","local-2年级-二年级下册必读-绿野仙踪-chapter-1-q1"
"pending","","","绿野仙踪","2","下册","必读","sky-kingdom","第一章　遭遇龙卷风","plot_choice","2","云端信使摊开地图：如果要继续冒险，下面哪个行动最像这一段故事接下来会发生的事？","沿着“龙卷风避难穴”这条线索继续找 | 先离开故事去做别的事 | 假装什么都没有发生","0","沿着“龙卷风避难穴”这条线索继续找","","云端信使露出笑容：没错，真正的冒险者会顺着故事线索往前走。","云端信使指了指书页：想一想，这一段里什么事情让故事继续前进？","《绿野仙踪》·第一章　遭遇龙卷风","多
萝茜抱着淘淘站在门里，也仰头望着天空。","local-2年级-二年级下册必读-绿野仙踪","local-2年级-二年级下册必读-绿野仙踪-chapter-1","local-2年级-二年级下册必读-绿野仙踪-chapter-1-q2"
"pending","","","绿野仙踪","2","下册","必读","sky-kingdom","第一章　遭遇龙卷风","npc_dialogue","2","云端信使说：请用一句话告诉我，这段故事里发生了什么重要变化？","","","围绕“龙卷风避难穴”说明故事变化","提到“龙卷风避难穴”或同义线索 | 能说明人物、事件或情绪的变化 | 不是只抄一句无关原文","云端信使把这条线索记进冒险日志：说得好，我们可以继续前进了。","云端信使温和地说：可以再具体一点，说说谁做了什么，或者发生了什么变化。","《绿野仙踪》·第一章　遭遇龙卷风","房子仍在摇晃不止，风也仍在狂吼乱叫，多萝茜轻轻地闭上眼睛，
不一会儿便进入了沉沉的梦乡。","local-2年级-二年级下册必读-绿野仙踪","local-2年级-二年级下册必读-绿野仙踪-chapter-1","local-2年级-二年级下册必读-绿野仙踪-chapter-1-q3"
"pending","","","绿野仙踪","2","下册","必读","sky-kingdom","第二章　遇见芒奇金人","memory","1","云端信使轻声问：刚才这段里，哪个线索最值得记住？","女魔法师 | 是的 | 北方好女巫","0","女魔法师","","云端信使点点头：对，就是这个线索。你已经抓住故事里的关键了。","云端信使提醒你：回到刚才读过的片段，找一找反复出现或推动情节的词。","《绿野仙踪》·第二章　遇见芒奇金人","多萝茜正甜甜地睡着，突然，猛烈的震动让她一下子惊醒过来。","local-2年级-二年级下册必读-绿野仙踪","local-2年级-二年级下册必读-绿野仙踪-chapter-2","local-2年级-二年级下册必读-绿野仙踪-chapter-2-q1"
"pending","","","绿野仙踪","2","下册","必读","sky-kingdom","第二章　遇见芒奇金人","plot_choice","2","云端信使摊开地图：如果要继续冒险，下面哪个行动最像这一段故事接下来会发生的事？","沿着“女魔法师”这条线索继续找 | 先离开故事去做别的事 | 假装什么都没有发生","0","沿着“女魔法师”这条线索继续找","","云端信使露出笑容：没错，真正的冒险者会顺着故事线索往前走。","云端信使指了指书页：想一想，这一段里什么事情让故事继续前进？","《绿野仙踪》·第二章　遇见芒奇金人","”
“
可是，
”
多萝茜想了一下，说，
“
艾姆婶婶曾经告诉过我，很多很
多年以前，女巫们就已经死了。","local-2年级-二年级下册必读-绿野仙踪","local-2年级-二年级下册必读-绿野仙踪-chapter-2","local-2年级-二年级下册必读-绿野仙踪-chapter-2-q2"
"pending","","","绿野仙踪","2","下册","必读","sky-kingdom","第二章　遇见芒奇金人","npc_dialogue","2","云端信使说：请用一句话告诉我，这段故事里发生了什么重要变化？","","","围绕“女魔法师”说明故事变化","提到“女魔法师”或同义线索 | 能说明人物、事件或情绪的变化 | 不是只抄一句无关原文","云端信使把这条线索记进冒险日志：说得好，我们可以继续前进了。","云端信使温和地说：可以再具体一点，说说谁做了什么，或者发生了什么变化。","《绿野仙踪》·第二章　遇见芒奇金人","但是，多萝茜却一点儿都没感到吃惊，在知道小个子老女人是一个
女巫之后，她早就料到她会像刚才那样消失不见。","local-2年级-二年级下册必读-绿野仙踪","local-2年级-二年级下册必读-绿野仙踪-chapter-2","local-2年级-二年级下册必读-绿野仙踪-chapter-2-q3"
"pending","","","绿野仙踪","2","下册","必读","sky-kingdom","第三章　搭救稻草人","memory","1","云端信使轻声问：刚才这段里，哪个线索最值得记住？","谢谢你 | 我不清楚 | 你好啊","0","谢谢你","","云端信使点点头：对，就是这个线索。你已经抓住故事里的关键了。","云端信使提醒你：回到刚才读过的片段，找一找反复出现或推动情节的词。","《绿野仙踪》·第三章　搭救稻草人","只剩下多萝茜一个人了，她的肚子开始咕咕叫。","local-2年级-二年级下册必读-绿野仙踪","local-2年级-二年级下册必读-绿野仙踪-chapter-3","local-2年级-二年级下册必读-绿野仙踪-chapter-3-q1"
"pending","","","绿野仙踪","2","下册","必读","sky-kingdom","第三章　搭救稻草人","plot_choice","2","云端信使摊开地图：如果要继续冒险，下面哪个行动最像这一段故事接下来会发生的事？","沿着“谢谢你”这条线索继续找 | 先离开故事去做别的事 | 假装什么都没有发生","0","沿着“谢谢你”这条线索继续找","","云端信使露出笑容：没错，真正的冒险者会顺着故事线索往前走。","云端信使指了指书页：想一想，这一段里什么事情让故事继续前进？","《绿野仙踪》·第三章　搭救稻草人","起床后，多萝茜吃了一顿丰盛的早餐，又饶有兴趣地看着一个芒奇
金小宝宝和淘淘一起玩耍。","local-2年级-二年级下册必读-绿野仙踪","local-2年级-二年级下册必读-绿野仙踪-chapter-3","local-2年级-二年级下册必读-绿野仙踪-chapter-3-q2"
"pending","","","绿野仙踪","2","下册","必读","sky-kingdom","第三章　搭救稻草人","npc_dialogue","2","云端信使说：请用一句话告诉我，这段故事里发生了什么重要变化？","","","围绕“谢谢你”说明故事变化","提到“谢谢你”或同义线索 | 能说明人物、事件或情绪的变化 | 不是只抄一句无关原文","云端信使把这条线索记进冒险日志：说得好，我们可以继续前进了。","云端信使温和地说：可以再具体一点，说说谁做了什么，或者发生了什么变化。","《绿野仙踪》·第三章　搭救稻草人","”
“
不是，
”
稻草人回答说，
“
是划着的火柴。","local-2年级-二年级下册必读-绿野仙踪","local-2年级-二年级下册必读-绿野仙踪-chapter-3","local-2年级-二年级下册必读-绿野仙踪-chapter-3-q3"
"pending","","","木偶奇遇记","3","上册","必读","magic-forest","木偶奇遇记 片段 1","memory","1","林间守护者轻声问：刚才这段里，哪个线索最值得记住？","波伦迪那 | 我明白了 | 一个皇帝","0","波伦迪那","","林间守护者点点头：对，就是这个线索。你已经抓住故事里的关键了。","林间守护者提醒你：回到刚才读过的片段，找一找反复出现或推动情节的词。","《木偶奇遇记》·木偶奇遇记 片段 1","事中的皮诺乔已经成为全球一代又一代孩子们心中的童话大明星。","local-3年级-三年级上册必读-木偶奇遇记","local-3年级-三年级上册必读-木偶奇遇记-chapter-1","local-3年级-三年级上册必读-木偶奇遇记-chapter-1-q1"
"pending","","","木偶奇遇记","3","上册","必读","magic-forest","木偶奇遇记 片段 1","plot_choice","2","林间守护者摊开地图：如果要继续冒险，下面哪个行动最像这一段故事接下来会发生的事？","沿着“波伦迪那”这条线索继续找 | 先离开故事去做别的事 | 假装什么都没有发生","0","沿着“波伦迪那”这条线索继续找","","林间守护者露出笑容：没错，真正的冒险者会顺着故事线索往前走。","林间守护者指了指书页：想一想，这一段里什么事情让故事继续前进？","《木偶奇遇记》·木偶奇遇记 片段 1","等到他终
于睁开眼睛的时候，发现自己坐在地板上。","local-3年级-三年级上册必读-木偶奇遇记","local-3年级-三年级上册必读-木偶奇遇记-chapter-1","local-3年级-三年级上册必读-木偶奇遇记-chapter-1-q2"
"pending","","","木偶奇遇记","3","上册","必读","magic-forest","木偶奇遇记 片段 1","npc_dialogue","2","林间守护者说：请用一句话告诉我，这段故事里发生了什么重要变化？","","","围绕“波伦迪那”说明故事变化","提到“波伦迪那”或同义线索 | 能说明人物、事件或情绪的变化 | 不是只抄一句无关原文","林间守护者把这条线索记进冒险日志：说得好，我们可以继续前进了。","林间守护者温和地说：可以再具体一点，说说谁做了什么，或者发生了什么变化。","《木偶奇遇记》·木偶奇遇记 片段 1","[2]

狒狒，多产于非洲的一种哺乳动物，身体形状像猴子，头部像狗，四肢粗壮，尾巴细
长。","local-3年级-三年级上册必读-木偶奇遇记","local-3年级-三年级上册必读-木偶奇遇记-chapter-1","local-3年级-三年级上册必读-木偶奇遇记-chapter-1-q3"
"pending","","","木偶奇遇记","3","上册","必读","magic-forest","木偶奇遇记 片段 2","memory","1","林间守护者轻声问：刚才这段里，哪个线索最值得记住？","不许笑 | 我活该 | 可怜的木偶","0","不许笑","","林间守护者点点头：对，就是这个线索。你已经抓住故事里的关键了。","林间守护者提醒你：回到刚才读过的片段，找一找反复出现或推动情节的词。","《木偶奇遇记》·木偶奇遇记 片段 2","★
杰佩托住的是底层的一个小房间，没有窗户，完全靠从楼梯那儿射
进来的一点儿光线。","local-3年级-三年级上册必读-木偶奇遇记","local-3年级-三年级上册必读-木偶奇遇记-chapter-2","local-3年级-三年级上册必读-木偶奇遇记-chapter-2-q1"
"pending","","","木偶奇遇记","3","上册","必读","magic-forest","木偶奇遇记 片段 2","plot_choice","2","林间守护者摊开地图：如果要继续冒险，下面哪个行动最像这一段故事接下来会发生的事？","沿着“不许笑”这条线索继续找 | 先离开故事去做别的事 | 假装什么都没有发生","0","沿着“不许笑”这条线索继续找","","林间守护者露出笑容：没错，真正的冒险者会顺着故事线索往前走。","林间守护者指了指书页：想一想，这一段里什么事情让故事继续前进？","《木偶奇遇记》·木偶奇遇记 片段 2","皮诺乔老远就看见那个警察拦断了一条街，他便想出其不意地从他
的胯下溜过去。","local-3年级-三年级上册必读-木偶奇遇记","local-3年级-三年级上册必读-木偶奇遇记-chapter-2","local-3年级-三年级上册必读-木偶奇遇记-chapter-2-q2"
"pending","","","木偶奇遇记","3","上册","必读","magic-forest","木偶奇遇记 片段 2","npc_dialogue","2","林间守护者说：请用一句话告诉我，这段故事里发生了什么重要变化？","","","围绕“不许笑”说明故事变化","提到“不许笑”或同义线索 | 能说明人物、事件或情绪的变化 | 不是只抄一句无关原文","林间守护者把这条线索记进冒险日志：说得好，我们可以继续前进了。","林间守护者温和地说：可以再具体一点，说说谁做了什么，或者发生了什么变化。","《木偶奇遇记》·木偶奇遇记 片段 2","可是蟋蟀既有耐心又镇静，他非但不因为这句无礼的话而生气，还","local-3年级-三年级上册必读-木偶奇遇记","local-3年级-三年级上册必读-木偶奇遇记-chapter-2","local-3年级-三年级上册必读-木偶奇遇记-chapter-2-q3"
"pending","","","木偶奇遇记","3","上册","必读","magic-forest","木偶奇遇记 片段 3","memory","1","林间守护者轻声问：刚才这段里，哪个线索最值得记住？","一般说来 | 谁呀 | 是我","0","一般说来","","林间守护者点点头：对，就是这个线索。你已经抓住故事里的关键了。","林间守护者提醒你：回到刚才读过的片段，找一找反复出现或推动情节的词。","《木偶奇遇记》·木偶奇遇记 片段 3","继续用同样的口气说：
“
但是如果你不喜欢上学，那么至少也该学一门手艺呀，光为了老
老实实地挣一口饭吃，也该这么做的！","local-3年级-三年级上册必读-木偶奇遇记","local-3年级-三年级上册必读-木偶奇遇记-chapter-3","local-3年级-三年级上册必读-木偶奇遇记-chapter-3-q1"
"pending","","","木偶奇遇记","3","上册","必读","magic-forest","木偶奇遇记 片段 3","plot_choice","2","林间守护者摊开地图：如果要继续冒险，下面哪个行动最像这一段故事接下来会发生的事？","沿着“一般说来”这条线索继续找 | 先离开故事去做别的事 | 假装什么都没有发生","0","沿着“一般说来”这条线索继续找","","林间守护者露出笑容：没错，真正的冒险者会顺着故事线索往前走。","林间守护者指了指书页：想一想，这一段里什么事情让故事继续前进？","《木偶奇遇记》·木偶奇遇记 片段 3","”
说着他张开翅膀，朝开着的窗户猛冲出去，一下子便飞得无影无踪
了。","local-3年级-三年级上册必读-木偶奇遇记","local-3年级-三年级上册必读-木偶奇遇记-chapter-3","local-3年级-三年级上册必读-木偶奇遇记-chapter-3-q2"
"pending","","","木偶奇遇记","3","上册","必读","magic-forest","木偶奇遇记 片段 3","npc_dialogue","2","林间守护者说：请用一句话告诉我，这段故事里发生了什么重要变化？","","","围绕“一般说来”说明故事变化","提到“一般说来”或同义线索 | 能说明人物、事件或情绪的变化 | 不是只抄一句无关原文","林间守护者把这条线索记进冒险日志：说得好，我们可以继续前进了。","林间守护者温和地说：可以再具体一点，说说谁做了什么，或者发生了什么变化。","《木偶奇遇记》·木偶奇遇记 片段 3","大颗大颗的泪珠流下双颊，他哭
着问道：","local-3年级-三年级上册必读-木偶奇遇记","local-3年级-三年级上册必读-木偶奇遇记-chapter-3","local-3年级-三年级上册必读-木偶奇遇记-chapter-3-q3"
"pending","","","格林童话","3","上册","必读","magic-forest","格林童话 片段 1","memory","1","林间守护者轻声问：刚才这段里，哪个线索最值得记住？","咩咩 | 圣经 | 狼死喽狼死喽","0","咩咩","","林间守护者点点头：对，就是这个线索。你已经抓住故事里的关键了。","林间守护者提醒你：回到刚才读过的片段，找一找反复出现或推动情节的词。","《格林童话》·格林童话 片段 1","《格林童话》出色地体现了民间故事的这些特色。","local-3年级-三年级上册必读-格林童话","local-3年级-三年级上册必读-格林童话-chapter-1","local-3年级-三年级上册必读-格林童话-chapter-1-q1"
"pending","","","格林童话","3","上册","必读","magic-forest","格林童话 片段 1","plot_choice","2","林间守护者摊开地图：如果要继续冒险，下面哪个行动最像这一段故事接下来会发生的事？","沿着“咩咩”这条线索继续找 | 先离开故事去做别的事 | 假装什么都没有发生","0","沿着“咩咩”这条线索继续找","","林间守护者露出笑容：没错，真正的冒险者会顺着故事线索往前走。","林间守护者指了指书页：想一想，这一段里什么事情让故事继续前进？","《格林童话》·格林童话 片段 1","第一个逃到桌子下面，第二个钻进被窝里，第三个钻进炉
子，第四个跑进了厨房，第五个藏在柜子里，第六个躲在洗脸盆下面，
第七个挤进了壁钟箱。","local-3年级-三年级上册必读-格林童话","local-3年级-三年级上册必读-格林童话-chapter-1","local-3年级-三年级上册必读-格林童话-chapter-1-q2"
"pending","","","格林童话","3","上册","必读","magic-forest","格林童话 片段 1","npc_dialogue","2","林间守护者说：请用一句话告诉我，这段故事里发生了什么重要变化？","","","围绕“咩咩”说明故事变化","提到“咩咩”或同义线索 | 能说明人物、事件或情绪的变化 | 不是只抄一句无关原文","林间守护者把这条线索记进冒险日志：说得好，我们可以继续前进了。","林间守护者温和地说：可以再具体一点，说说谁做了什么，或者发生了什么变化。","《格林童话》·格林童话 片段 1","”
一边叫一边拉着它们的妈妈高高兴兴地围着井跳起舞来。","local-3年级-三年级上册必读-格林童话","local-3年级-三年级上册必读-格林童话-chapter-1","local-3年级-三年级上册必读-格林童话-chapter-1-q3"
"pending","","","格林童话","3","上册","必读","magic-forest","格林童话 片段 2","memory","1","林间守护者轻声问：刚才这段里，哪个线索最值得记住？","笃笃笃 | 漂亮的衣服 | 珍珠和宝石","0","笃笃笃","","林间守护者点点头：对，就是这个线索。你已经抓住故事里的关键了。","林间守护者提醒你：回到刚才读过的片段，找一找反复出现或推动情节的词。","《格林童话》·格林童话 片段 2","灰姑娘
从前有个富人的妻子得了重病，当她感到自己的末日就要来临的时
候，便把她的独生女儿叫到床前，说：
“
亲爱的孩子，你要做个虔诚、
善良的人。","local-3年级-三年级上册必读-格林童话","local-3年级-三年级上册必读-格林童话-chapter-2","local-3年级-三年级上册必读-格林童话-chapter-2-q1"
"pending","","","格林童话","3","上册","必读","magic-forest","格林童话 片段 2","plot_choice","2","林间守护者摊开地图：如果要继续冒险，下面哪个行动最像这一段故事接下来会发生的事？","沿着“笃笃笃”这条线索继续找 | 先离开故事去做别的事 | 假装什么都没有发生","0","沿着“笃笃笃”这条线索继续找","","林间守护者露出笑容：没错，真正的冒险者会顺着故事线索往前走。","林间守护者指了指书页：想一想，这一段里什么事情让故事继续前进？","《格林童话》·格林童话 片段 2","”
灰姑娘一听就哭了起来，继母说：
“
要是这次你
能在一个小时之内把两满碗扁豆从灰里拣出来，就让你一起去。","local-3年级-三年级上册必读-格林童话","local-3年级-三年级上册必读-格林童话-chapter-2","local-3年级-三年级上册必读-格林童话-chapter-2-q2"
"pending","","","格林童话","3","上册","必读","magic-forest","格林童话 片段 2","npc_dialogue","2","林间守护者说：请用一句话告诉我，这段故事里发生了什么重要变化？","","","围绕“笃笃笃”说明故事变化","提到“笃笃笃”或同义线索 | 能说明人物、事件或情绪的变化 | 不是只抄一句无关原文","林间守护者把这条线索记进冒险日志：说得好，我们可以继续前进了。","林间守护者温和地说：可以再具体一点，说说谁做了什么，或者发生了什么变化。","《格林童话》·格林童话 片段 2","第三天，在父母亲和姐姐们离家以后，灰姑娘又去母亲坟前对小榛
子树说：
树呀，你摇摇，你抖抖，
你把金子、银子往我身上抛。","local-3年级-三年级上册必读-格林童话","local-3年级-三年级上册必读-格林童话-chapter-2","local-3年级-三年级上册必读-格林童话-chapter-2-q3"
"pending","","","格林童话","3","上册","必读","magic-forest","格林童话 片段 3","memory","1","林间守护者轻声问：刚才这段里，哪个线索最值得记住？","没有了 | 好吧 | 这是我的舞伴","0","没有了","","林间守护者点点头：对，就是这个线索。你已经抓住故事里的关键了。","林间守护者提醒你：回到刚才读过的片段，找一找反复出现或推动情节的词。","《格林童话》·格林童话 片段 3","这次小白鸟抛给她的衣服非常华丽和耀眼，鞋子是纯金的，她还从
来没有穿过这样的衣服。","local-3年级-三年级上册必读-格林童话","local-3年级-三年级上册必读-格林童话-chapter-3","local-3年级-三年级上册必读-格林童话-chapter-3-q1"
"pending","","","格林童话","3","上册","必读","magic-forest","格林童话 片段 3","plot_choice","2","林间守护者摊开地图：如果要继续冒险，下面哪个行动最像这一段故事接下来会发生的事？","沿着“没有了”这条线索继续找 | 先离开故事去做别的事 | 假装什么都没有发生","0","沿着“没有了”这条线索继续找","","林间守护者露出笑容：没错，真正的冒险者会顺着故事线索往前走。","林间守护者指了指书页：想一想，这一段里什么事情让故事继续前进？","《格林童话》·格林童话 片段 3","青蛙王子
在希望尚能成真的古代，有一位国王。","local-3年级-三年级上册必读-格林童话","local-3年级-三年级上册必读-格林童话-chapter-3","local-3年级-三年级上册必读-格林童话-chapter-3-q2"
"pending","","","格林童话","3","上册","必读","magic-forest","格林童话 片段 3","npc_dialogue","2","林间守护者说：请用一句话告诉我，这段故事里发生了什么重要变化？","","","围绕“没有了”说明故事变化","提到“没有了”或同义线索 | 能说明人物、事件或情绪的变化 | 不是只抄一句无关原文","林间守护者把这条线索记进冒险日志：说得好，我们可以继续前进了。","林间守护者温和地说：可以再具体一点，说说谁做了什么，或者发生了什么变化。","《格林童话》·格林童话 片段 3","难道你已经忘记，
昨天说过什么话，
在那清凉的井边？","local-3年级-三年级上册必读-格林童话","local-3年级-三年级上册必读-格林童话-chapter-3","local-3年级-三年级上册必读-格林童话-chapter-3-q3"
"pending","","","狐狸列那的故事","3","上册","必读","magic-forest","第十五章　列那如何跟杜弗雷斯纳王爷合作，最终把森林中的狼群彻（1）","memory","1","林间守护者轻声问：刚才这段里，哪个线索最值得记住？","狐狸 | 狐媚 | 舅舅","0","狐狸","","林间守护者点点头：对，就是这个线索。你已经抓住故事里的关键了。","林间守护者提醒你：回到刚才读过的片段，找一找反复出现或推动情节的词。","《狐狸列那的故事》·第十五章　列那如何跟杜弗雷斯纳王爷合作，最终把森林中的狼群彻（1）","底消灭

译本前言

有关狐狸列那的故事，在法国家喻户晓。","local-3年级-三年级上册必读-狐狸列那的故事","local-3年级-三年级上册必读-狐狸列那的故事-chapter-1","local-3年级-三年级上册必读-狐狸列那的故事-chapter-1-q1"
"pending","","","狐狸列那的故事","3","上册","必读","magic-forest","第十五章　列那如何跟杜弗雷斯纳王爷合作，最终把森林中的狼群彻（1）","plot_choice","2","林间守护者摊开地图：如果要继续冒险，下面哪个行动最像这一段故事接下来会发生的事？","沿着“快抓住那头狐狸”这条线索继续找 | 先离开故事去做别的事 | 假装什么都没有发生","0","沿着“快抓住那头狐狸”这条线索继续找","","林间守护者露出笑容：没错，真正的冒险者会顺着故事线索往前走。","林间守护者指了指书页：想一想，这一段里什么事情让故事继续前进？","《狐狸列那的故事》·第十五章　列那如何跟杜弗雷斯纳王爷合作，最终把森林中的狼群彻（1）","”

队长边喊边蹬马刺，

“

快抓住那头狐狸！","local-3年级-三年级上册必读-狐狸列那的故事","local-3年级-三年级上册必读-狐狸列那的故事-chapter-1","local-3年级-三年级上册必读-狐狸列那的故事-chapter-1-q2"
"pending","","","狐狸列那的故事","3","上册","必读","magic-forest","第十五章　列那如何跟杜弗雷斯纳王爷合作，最终把森林中的狼群彻（1）","npc_dialogue","2","林间守护者说：请用一句话告诉我，这段故事里发生了什么重要变化？","","","围绕“狐媚”说明故事变化","提到“狐媚”或同义线索 | 能说明人物、事件或情绪的变化 | 不是只抄一句无关原文","林间守护者把这条线索记进冒险日志：说得好，我们可以继续前进了。","林间守护者温和地说：可以再具体一点，说说谁做了什么，或者发生了什么变化。","《狐狸列那的故事》·第十五章　列那如何跟杜弗雷斯纳王爷合作，最终把森林中的狼群彻（1）","沿着通向塔楼的台阶，另一半人马来到塔楼之间的护墙上。","local-3年级-三年级上册必读-狐狸列那的故事","local-3年级-三年级上册必读-狐狸列那的故事-chapter-1","local-3年级-三年级上册必读-狐狸列那的故事-chapter-1-q3"
"pending","","","狐狸列那的故事","3","上册","必读","magic-forest","第十五章　列那如何跟杜弗雷斯纳王爷合作，最终把森林中的狼群彻（2）","memory","1","林间守护者轻声问：刚才这段里，哪个线索最值得记住？","该死的狐狸 | 这不可能 | 真见鬼","0","该死的狐狸","","林间守护者点点头：对，就是这个线索。你已经抓住故事里的关键了。","林间守护者提醒你：回到刚才读过的片段，找一找反复出现或推动情节的词。","《狐狸列那的故事》·第十五章　列那如何跟杜弗雷斯纳王爷合作，最终把森林中的狼群彻（2）","啦的木鞋声在圆形通道上响个不停，听起来真使人毛骨悚然，仿佛地狱

中的魔鬼现在全数集中到王爷府！","local-3年级-三年级上册必读-狐狸列那的故事","local-3年级-三年级上册必读-狐狸列那的故事-chapter-2","local-3年级-三年级上册必读-狐狸列那的故事-chapter-2-q1"
"pending","","","狐狸列那的故事","3","上册","必读","magic-forest","第十五章　列那如何跟杜弗雷斯纳王爷合作，最终把森林中的狼群彻（2）","plot_choice","2","林间守护者摊开地图：如果要继续冒险，下面哪个行动最像这一段故事接下来会发生的事？","沿着“该死的狐狸”这条线索继续找 | 先离开故事去做别的事 | 假装什么都没有发生","0","沿着“该死的狐狸”这条线索继续找","","林间守护者露出笑容：没错，真正的冒险者会顺着故事线索往前走。","林间守护者指了指书页：想一想，这一段里什么事情让故事继续前进？","《狐狸列那的故事》·第十五章　列那如何跟杜弗雷斯纳王爷合作，最终把森林中的狼群彻（2）","但是列那很机灵，东跳西

窜，谁都抓不着。","local-3年级-三年级上册必读-狐狸列那的故事","local-3年级-三年级上册必读-狐狸列那的故事-chapter-2","local-3年级-三年级上册必读-狐狸列那的故事-chapter-2-q2"
"pending","","","狐狸列那的故事","3","上册","必读","magic-forest","第十五章　列那如何跟杜弗雷斯纳王爷合作，最终把森林中的狼群彻（2）","npc_dialogue","2","林间守护者说：请用一句话告诉我，这段故事里发生了什么重要变化？","","","围绕“该死的狐狸”说明故事变化","提到“该死的狐狸”或同义线索 | 能说明人物、事件或情绪的变化 | 不是只抄一句无关原文","林间守护者把这条线索记进冒险日志：说得好，我们可以继续前进了。","林间守护者温和地说：可以再具体一点，说说谁做了什么，或者发生了什么变化。","《狐狸列那的故事》·第十五章　列那如何跟杜弗雷斯纳王爷合作，最终把森林中的狼群彻（2）","他露面也好，不露面也好，暂

且先不管，今天下午父王和我的王爷兄弟们要来城堡，我们要好好迎接

招待

……”","local-3年级-三年级上册必读-狐狸列那的故事","local-3年级-三年级上册必读-狐狸列那的故事-chapter-2","local-3年级-三年级上册必读-狐狸列那的故事-chapter-2-q3"
"pending","","","狐狸列那的故事","3","上册","必读","magic-forest","第二章","memory","1","林间守护者轻声问：刚才这段里，哪个线索最值得记住？","什么也没有 | 狐皮 | 时机到了","0","什么也没有","","林间守护者点点头：对，就是这个线索。你已经抓住故事里的关键了。","林间守护者提醒你：回到刚才读过的片段，找一找反复出现或推动情节的词。","《狐狸列那的故事》·第二章","列那错失一顿盛宴和设计谋害鹭鸶潘萨尔以及自己差点淹死
时辰一到，王爷率领仪仗队伍出城前去恭候父王光临。","local-3年级-三年级上册必读-狐狸列那的故事","local-3年级-三年级上册必读-狐狸列那的故事-chapter-3","local-3年级-三年级上册必读-狐狸列那的故事-chapter-3-q1"
"pending","","","狐狸列那的故事","3","上册","必读","magic-forest","第二章","plot_choice","2","林间守护者摊开地图：如果要继续冒险，下面哪个行动最像这一段故事接下来会发生的事？","沿着“什么也没有”这条线索继续找 | 先离开故事去做别的事 | 假装什么都没有发生","0","沿着“什么也没有”这条线索继续找","","林间守护者露出笑容：没错，真正的冒险者会顺着故事线索往前走。","林间守护者指了指书页：想一想，这一段里什么事情让故事继续前进？","《狐狸列那的故事》·第二章","我得动些脑筋：本来嘛，不劳者，不得
食。","local-3年级-三年级上册必读-狐狸列那的故事","local-3年级-三年级上册必读-狐狸列那的故事-chapter-3","local-3年级-三年级上册必读-狐狸列那的故事-chapter-3-q2"
"pending","","","狐狸列那的故事","3","上册","必读","magic-forest","第二章","npc_dialogue","2","林间守护者说：请用一句话告诉我，这段故事里发生了什么重要变化？","","","围绕“什么也没有”说明故事变化","提到“什么也没有”或同义线索 | 能说明人物、事件或情绪的变化 | 不是只抄一句无关原文","林间守护者把这条线索记进冒险日志：说得好，我们可以继续前进了。","林间守护者温和地说：可以再具体一点，说说谁做了什么，或者发生了什么变化。","《狐狸列那的故事》·第二章","我发誓，
不把食柜装得满满的，就不是我
……”","local-3年级-三年级上册必读-狐狸列那的故事","local-3年级-三年级上册必读-狐狸列那的故事-chapter-3","local-3年级-三年级上册必读-狐狸列那的故事-chapter-3-q3"
"pending","","","爱丽丝漫游奇境","3","下册","必读","sky-kingdom","第一章 钻进兔子洞（1）","memory","1","云端信使轻声问：刚才这段里，哪个线索最值得记住？","喝我 | 那不行 | 橙子玛玛酱","0","喝我","","云端信使点点头：对，就是这个线索。你已经抓住故事里的关键了。","云端信使提醒你：回到刚才读过的片段，找一找反复出现或推动情节的词。","《爱丽丝漫游奇境》·第一章 钻进兔子洞（1）","钻进兔子洞

阿

丽思陪着她姊姊闲坐在河边上没有事做，坐得好不耐烦。","local-3年级-三年级下册必读-爱丽丝漫游奇境","local-3年级-三年级下册必读-爱丽丝漫游奇境-chapter-1","local-3年级-三年级下册必读-爱丽丝漫游奇境-chapter-1-q1"
"pending","","","爱丽丝漫游奇境","3","下册","必读","sky-kingdom","第一章 钻进兔子洞（1）","plot_choice","2","云端信使摊开地图：如果要继续冒险，下面哪个行动最像这一段故事接下来会发生的事？","沿着“喝我”这条线索继续找 | 先离开故事去做别的事 | 假装什么都没有发生","0","沿着“喝我”这条线索继续找","","云端信使露出笑容：没错，真正的冒险者会顺着故事线索往前走。","云端信使指了指书页：想一想，这一段里什么事情让故事继续前进？","《爱丽丝漫游奇境》·第一章 钻进兔子洞（1）","泼里寺、麻

达姆

，这是新西兰啊，还是澳大利亚啊？","local-3年级-三年级下册必读-爱丽丝漫游奇境","local-3年级-三年级下册必读-爱丽丝漫游奇境-chapter-1","local-3年级-三年级下册必读-爱丽丝漫游奇境-chapter-1-q2"
"pending","","","爱丽丝漫游奇境","3","下册","必读","sky-kingdom","第一章 钻进兔子洞（1）","npc_dialogue","2","云端信使说：请用一句话告诉我，这段故事里发生了什么重要变化？","","","围绕“喝我”说明故事变化","提到“喝我”或同义线索 | 能说明人物、事件或情绪的变化 | 不是只抄一句无关原文","云端信使把这条线索记进冒险日志：说得好，我们可以继续前进了。","云端信使温和地说：可以再具体一点，说说谁做了什么，或者发生了什么变化。","《爱丽丝漫游奇境》·第一章 钻进兔子洞（1）","但是那个聪明的小阿

丽思决不会这样地冒失。","local-3年级-三年级下册必读-爱丽丝漫游奇境","local-3年级-三年级下册必读-爱丽丝漫游奇境-chapter-1","local-3年级-三年级下册必读-爱丽丝漫游奇境-chapter-1-q3"
"pending","","","爱丽丝漫游奇境","3","下册","必读","sky-kingdom","第一章 钻进兔子洞（2）","memory","1","云端信使轻声问：刚才这段里，哪个线索最值得记住？","毒药 | 吃我 | 意义","0","毒药","","云端信使点点头：对，就是这个线索。你已经抓住故事里的关键了。","云端信使提醒你：回到刚才读过的片段，找一找反复出现或推动情节的词。","《爱丽丝漫游奇境》·第一章 钻进兔子洞（2）","然而这一回瓶子上并没有“毒药”的字样在上，所以阿丽思就大

着胆尝他一尝，那味儿到很好吃（有点像樱桃饼，又有点像鸡蛋糕，

有点像菠萝蜜，又有点像烤火鸡，有点像冰淇淋，又有点像芝麻

酱），所以一会儿工夫就唏哩呼噜地喝完了。","local-3年级-三年级下册必读-爱丽丝漫游奇境","local-3年级-三年级下册必读-爱丽丝漫游奇境-chapter-2","local-3年级-三年级下册必读-爱丽丝漫游奇境-chapter-2-q1"
"pending","","","爱丽丝漫游奇境","3","下册","必读","sky-kingdom","第一章 钻进兔子洞（2）","plot_choice","2","云端信使摊开地图：如果要继续冒险，下面哪个行动最像这一段故事接下来会发生的事？","沿着“毒药”这条线索继续找 | 先离开故事去做别的事 | 假装什么都没有发生","0","沿着“毒药”这条线索继续找","","云端信使露出笑容：没错，真正的冒险者会顺着故事线索往前走。","云端信使指了指书页：想一想，这一段里什么事情让故事继续前进？","《爱丽丝漫游奇境》·第一章 钻进兔子洞（2）","内右鞋一只送呈

炉挡左近地毯上

阿丽思的右脚查收

（阿丽思顺致爱的问候）

嗳唷！","local-3年级-三年级下册必读-爱丽丝漫游奇境","local-3年级-三年级下册必读-爱丽丝漫游奇境-chapter-2","local-3年级-三年级下册必读-爱丽丝漫游奇境-chapter-2-q2"
"pending","","","爱丽丝漫游奇境","3","下册","必读","sky-kingdom","第一章 钻进兔子洞（2）","npc_dialogue","2","云端信使说：请用一句话告诉我，这段故事里发生了什么重要变化？","","","围绕“毒药”说明故事变化","提到“毒药”或同义线索 | 能说明人物、事件或情绪的变化 | 不是只抄一句无关原文","云端信使把这条线索记进冒险日志：说得好，我们可以继续前进了。","云端信使温和地说：可以再具体一点，说说谁做了什么，或者发生了什么变化。","《爱丽丝漫游奇境》·第一章 钻进兔子洞（2）","“那么我到底是变了媚步儿嘞，那么我岂不是要得上她那

又冷静又气闷的小房子里去住，差不多连什么玩意儿都没得玩儿，还

有，嗳唷！","local-3年级-三年级下册必读-爱丽丝漫游奇境","local-3年级-三年级下册必读-爱丽丝漫游奇境-chapter-2","local-3年级-三年级下册必读-爱丽丝漫游奇境-chapter-2-q3"
"pending","","","爱丽丝漫游奇境","3","下册","必读","sky-kingdom","爱丽丝漫游奇境 片段 1","memory","1","云端信使轻声问：刚才这段里，哪个线索最值得记住？","爱丽丝 | 彩色插画作 | 致献","0","爱丽丝","","云端信使点点头：对，就是这个线索。你已经抓住故事里的关键了。","云端信使提醒你：回到刚才读过的片段，找一找反复出现或推动情节的词。","《爱丽丝漫游奇境》·爱丽丝漫游奇境 片段 1","制作信息
本书是应
@halking1980
的要求，历经千辛万苦制作制作而成（其实就是
懒）。","local-3年级-三年级下册必读-爱丽丝漫游奇境","local-3年级-三年级下册必读-爱丽丝漫游奇境-chapter-3","local-3年级-三年级下册必读-爱丽丝漫游奇境-chapter-3-q1"
"pending","","","爱丽丝漫游奇境","3","下册","必读","sky-kingdom","爱丽丝漫游奇境 片段 1","plot_choice","2","云端信使摊开地图：如果要继续冒险，下面哪个行动最像这一段故事接下来会发生的事？","沿着“爱丽丝”这条线索继续找 | 先离开故事去做别的事 | 假装什么都没有发生","0","沿着“爱丽丝”这条线索继续找","","云端信使露出笑容：没错，真正的冒险者会顺着故事线索往前走。","云端信使指了指书页：想一想，这一段里什么事情让故事继续前进？","《爱丽丝漫游奇境》·爱丽丝漫游奇境 片段 1","他
是美国哈佛大学哲学博士，又是数学家、物理学家、音乐家和语言学
家，后专攻语言学，有“汉语言学之父”的美誉，曾与梁启超、王国
维、陈寅恪一起被聘为清华学校国学研究院导师，他为刘半农诗《教
我如何不想他》谱写的歌曲也是风行一时，脍炙人口。","local-3年级-三年级下册必读-爱丽丝漫游奇境","local-3年级-三年级下册必读-爱丽丝漫游奇境-chapter-3","local-3年级-三年级下册必读-爱丽丝漫游奇境-chapter-3-q2"
"pending","","","爱丽丝漫游奇境","3","下册","必读","sky-kingdom","爱丽丝漫游奇境 片段 1","npc_dialogue","2","云端信使说：请用一句话告诉我，这段故事里发生了什么重要变化？","","","围绕“致献”说明故事变化","提到“致献”或同义线索 | 能说明人物、事件或情绪的变化 | 不是只抄一句无关原文","云端信使把这条线索记进冒险日志：说得好，我们可以继续前进了。","云端信使温和地说：可以再具体一点，说说谁做了什么，或者发生了什么变化。","《爱丽丝漫游奇境》·爱丽丝漫游奇境 片段 1","我译这书，致献给一个鼓励我译它，
和鼓励我做无论什么书的人。","local-3年级-三年级下册必读-爱丽丝漫游奇境","local-3年级-三年级下册必读-爱丽丝漫游奇境-chapter-3","local-3年级-三年级下册必读-爱丽丝漫游奇境-chapter-3-q3"
"pending","","","时代广场的蟋蟀","4","上册","必读","magic-forest","第一章　塔克","memory","1","林间守护者轻声问：刚才这段里，哪个线索最值得记住？","搜索 | 真可怜哪 | 最新的报纸","0","搜索","","林间守护者点点头：对，就是这个线索。你已经抓住故事里的关键了。","林间守护者提醒你：回到刚才读过的片段，找一找反复出现或推动情节的词。","《时代广场的蟋蟀》·第一章　塔克","老鼠的名字叫塔克，它正坐在美国纽约市时代广场地铁车站
一个废弃的排水管出口上。","local-4年级-四年级上册必读-时代广场的蟋蟀","local-4年级-四年级上册必读-时代广场的蟋蟀-chapter-1","local-4年级-四年级上册必读-时代广场的蟋蟀-chapter-1-q1"
"pending","","","时代广场的蟋蟀","4","上册","必读","magic-forest","第一章　塔克","plot_choice","2","林间守护者摊开地图：如果要继续冒险，下面哪个行动最像这一段故事接下来会发生的事？","沿着“搜索”这条线索继续找 | 先离开故事去做别的事 | 假装什么都没有发生","0","沿着“搜索”这条线索继续找","","林间守护者露出笑容：没错，真正的冒险者会顺着故事线索往前走。","林间守护者指了指书页：想一想，这一段里什么事情让故事继续前进？","《时代广场的蟋蟀》·第一章　塔克","列车发出刺耳的声音，在报摊旁边停了下来，只有八九个人下车。","local-4年级-四年级上册必读-时代广场的蟋蟀","local-4年级-四年级上册必读-时代广场的蟋蟀-chapter-1","local-4年级-四年级上册必读-时代广场的蟋蟀-chapter-1-q2"
"pending","","","时代广场的蟋蟀","4","上册","必读","magic-forest","第一章　塔克","npc_dialogue","2","林间守护者说：请用一句话告诉我，这段故事里发生了什么重要变化？","","","围绕“搜索”说明故事变化","提到“搜索”或同义线索 | 能说明人物、事件或情绪的变化 | 不是只抄一句无关原文","林间守护者把这条线索记进冒险日志：说得好，我们可以继续前进了。","林间守护者温和地说：可以再具体一点，说说谁做了什么，或者发生了什么变化。","《时代广场的蟋蟀》·第一章　塔克","但是
这一生，就算再加上它那许多次横越这个世界最伟大城市的旅程的经
历，塔克也从来没听过这种声音。","local-4年级-四年级上册必读-时代广场的蟋蟀","local-4年级-四年级上册必读-时代广场的蟋蟀-chapter-1","local-4年级-四年级上册必读-时代广场的蟋蟀-chapter-1-q3"
"pending","","","时代广场的蟋蟀","4","上册","必读","magic-forest","第二章　玛利欧","memory","1","林间守护者轻声问：刚才这段里，哪个线索最值得记住？","是蟋蟀 | 买报纸 | 买杂志","0","是蟋蟀","","林间守护者点点头：对，就是这个线索。你已经抓住故事里的关键了。","林间守护者提醒你：回到刚才读过的片段，找一找反复出现或推动情节的词。","《时代广场的蟋蟀》·第二章　玛利欧","班车
隆隆的声音渐远，已经听不到了；只剩下上面街道传来的、隐约
可闻的夜归人稀落的车声。","local-4年级-四年级上册必读-时代广场的蟋蟀","local-4年级-四年级上册必读-时代广场的蟋蟀-chapter-2","local-4年级-四年级上册必读-时代广场的蟋蟀-chapter-2-q1"
"pending","","","时代广场的蟋蟀","4","上册","必读","magic-forest","第二章　玛利欧","plot_choice","2","林间守护者摊开地图：如果要继续冒险，下面哪个行动最像这一段故事接下来会发生的事？","沿着“是蟋蟀”这条线索继续找 | 先离开故事去做别的事 | 假装什么都没有发生","0","沿着“是蟋蟀”这条线索继续找","","林间守护者露出笑容：没错，真正的冒险者会顺着故事线索往前走。","林间守护者指了指书页：想一想，这一段里什么事情让故事继续前进？","《时代广场的蟋蟀》·第二章　玛利欧","妈妈把这只小小的黑色家伙仔细地审视了一番。","local-4年级-四年级上册必读-时代广场的蟋蟀","local-4年级-四年级上册必读-时代广场的蟋蟀-chapter-2","local-4年级-四年级上册必读-时代广场的蟋蟀-chapter-2-q2"
"pending","","","时代广场的蟋蟀","4","上册","必读","magic-forest","第二章　玛利欧","npc_dialogue","2","林间守护者说：请用一句话告诉我，这段故事里发生了什么重要变化？","","","围绕“是蟋蟀”说明故事变化","提到“是蟋蟀”或同义线索 | 能说明人物、事件或情绪的变化 | 不是只抄一句无关原文","林间守护者把这条线索记进冒险日志：说得好，我们可以继续前进了。","林间守护者温和地说：可以再具体一点，说说谁做了什么，或者发生了什么变化。","《时代广场的蟋蟀》·第二章　玛利欧","他几乎可以感觉到，黑暗中，那只蟋蟀正静静地蜷伏
在它的火柴盒子里呢！","local-4年级-四年级上册必读-时代广场的蟋蟀","local-4年级-四年级上册必读-时代广场的蟋蟀-chapter-2","local-4年级-四年级上册必读-时代广场的蟋蟀-chapter-2-q3"
"pending","","","时代广场的蟋蟀","4","上册","必读","magic-forest","第三章　柴斯特","memory","1","林间守护者轻声问：刚才这段里，哪个线索最值得记住？","是啊 | 柴斯特说 | 是我","0","是啊","","林间守护者点点头：对，就是这个线索。你已经抓住故事里的关键了。","林间守护者提醒你：回到刚才读过的片段，找一找反复出现或推动情节的词。","《时代广场的蟋蟀》·第三章　柴斯特","克老鼠一直在注视着白利尼一家，留心听着他们的谈话。","local-4年级-四年级上册必读-时代广场的蟋蟀","local-4年级-四年级上册必读-时代广场的蟋蟀-chapter-3","local-4年级-四年级上册必读-时代广场的蟋蟀-chapter-3-q1"
"pending","","","时代广场的蟋蟀","4","上册","必读","magic-forest","第三章　柴斯特","plot_choice","2","林间守护者摊开地图：如果要继续冒险，下面哪个行动最像这一段故事接下来会发生的事？","沿着“是啊”这条线索继续找 | 先离开故事去做别的事 | 假装什么都没有发生","0","沿着“是啊”这条线索继续找","","林间守护者露出笑容：没错，真正的冒险者会顺着故事线索往前走。","林间守护者指了指书页：想一想，这一段里什么事情让故事继续前进？","《时代广场的蟋蟀》·第三章　柴斯特","”
“
原来，那股香味是从一个野餐篮里散发出来的。","local-4年级-四年级上册必读-时代广场的蟋蟀","local-4年级-四年级上册必读-时代广场的蟋蟀-chapter-3","local-4年级-四年级上册必读-时代广场的蟋蟀-chapter-3-q2"
"pending","","","时代广场的蟋蟀","4","上册","必读","magic-forest","第三章　柴斯特","npc_dialogue","2","林间守护者说：请用一句话告诉我，这段故事里发生了什么重要变化？","","","围绕“是啊”说明故事变化","提到“是啊”或同义线索 | 能说明人物、事件或情绪的变化 | 不是只抄一句无关原文","林间守护者把这条线索记进冒险日志：说得好，我们可以继续前进了。","林间守护者温和地说：可以再具体一点，说说谁做了什么，或者发生了什么变化。","《时代广场的蟋蟀》·第三章　柴斯特","这时，不知怎么的
——
也
许是听到了一点儿微弱的声音吧，那声音就像是长了肉垫的脚爪，正轻
手轻脚地走过地板
——
它刚巧低头看了看，只见一个原来一直静静蜷缩
在下面黑暗里的阴影，忽然纵身一跳，正好不偏不倚地落到了塔克和柴
斯特的旁边。","local-4年级-四年级上册必读-时代广场的蟋蟀","local-4年级-四年级上册必读-时代广场的蟋蟀-chapter-3","local-4年级-四年级上册必读-时代广场的蟋蟀-chapter-3-q3"
"pending","","","夏洛的网","4","下册","必读","magic-forest","1. 早餐之前","memory","1","林间守护者轻声问：刚才这段里，哪个线索最值得记住？","威伯 | 去猪圈了 | 她的母亲说","0","威伯","","林间守护者点点头：对，就是这个线索。你已经抓住故事里的关键了。","林间守护者提醒你：回到刚才读过的片段，找一找反复出现或推动情节的词。","《夏洛的网》·1. 早餐之前","""在他们收拾桌子准备吃早饭时， 芬问
她的母亲。","local-4年级-四年级下册必读-夏洛的网","local-4年级-四年级下册必读-夏洛的网-chapter-1","local-4年级-四年级下册必读-夏洛的网-chapter-1-q1"
"pending","","","夏洛的网","4","下册","必读","magic-forest","1. 早餐之前","plot_choice","2","林间守护者摊开地图：如果要继续冒险，下面哪个行动最像这一段故事接下来会发生的事？","沿着“威伯”这条线索继续找 | 先离开故事去做别的事 | 假装什么都没有发生","0","沿着“威伯”这条线索继续找","","林间守护者露出笑容：没错，真正的冒险者会顺着故事线索往前走。","林间守护者指了指书页：想一想，这一段里什么事情让故事继续前进？","《夏洛的网》·1. 早餐之前","当她走近
她的椅子， 纸板盒开始晃动起来， 里面传出了抓搔声。","local-4年级-四年级下册必读-夏洛的网","local-4年级-四年级下册必读-夏洛的网-chapter-1","local-4年级-四年级下册必读-夏洛的网-chapter-1-q2"
"pending","","","夏洛的网","4","下册","必读","magic-forest","1. 早餐之前","npc_dialogue","2","林间守护者说：请用一句话告诉我，这段故事里发生了什么重要变化？","","","围绕“威伯”说明故事变化","提到“威伯”或同义线索 | 能说明人物、事件或情绪的变化 | 不是只抄一句无关原文","林间守护者把这条线索记进冒险日志：说得好，我们可以继续前进了。","林间守护者温和地说：可以再具体一点，说说谁做了什么，或者发生了什么变化。","《夏洛的网》·1. 早餐之前","***
夏洛的网
（美）E.B.White 著
Garth Williams 插图
肖毛翻译","local-4年级-四年级下册必读-夏洛的网","local-4年级-四年级下册必读-夏洛的网-chapter-1","local-4年级-四年级下册必读-夏洛的网-chapter-1-q3"
"pending","","","夏洛的网","4","下册","必读","magic-forest","2.威伯（1）","memory","1","林间守护者轻声问：刚才这段里，哪个线索最值得记住？","她的父亲说 | 母鹅说 | 不会的","0","她的父亲说","","林间守护者点点头：对，就是这个线索。你已经抓住故事里的关键了。","林间守护者提醒你：回到刚才读过的片段，找一找反复出现或推动情节的词。","《夏洛的网》·2.威伯（1）","她喜欢抚摩着他，喂他，抱他上床睡觉。","local-4年级-四年级下册必读-夏洛的网","local-4年级-四年级下册必读-夏洛的网-chapter-2","local-4年级-四年级下册必读-夏洛的网-chapter-2-q1"
"pending","","","夏洛的网","4","下册","必读","magic-forest","2.威伯（1）","plot_choice","2","林间守护者摊开地图：如果要继续冒险，下面哪个行动最像这一段故事接下来会发生的事？","沿着“她的父亲说”这条线索继续找 | 先离开故事去做别的事 | 假装什么都没有发生","0","沿着“她的父亲说”这条线索继续找","","林间守护者露出笑容：没错，真正的冒险者会顺着故事线索往前走。","林间守护者指了指书页：想一想，这一段里什么事情让故事继续前进？","《夏洛的网》·2.威伯（1）","告诉你霍默舅舅，

你有一头小猪，只卖他六美元，看他有什么意见。","local-4年级-四年级下册必读-夏洛的网","local-4年级-四年级下册必读-夏洛的网-chapter-2","local-4年级-四年级下册必读-夏洛的网-chapter-2-q2"
"pending","","","夏洛的网","4","下册","必读","magic-forest","2.威伯（1）","npc_dialogue","2","林间守护者说：请用一句话告诉我，这段故事里发生了什么重要变化？","","","围绕“母鹅说”说明故事变化","提到“母鹅说”或同义线索 | 能说明人物、事件或情绪的变化 | 不是只抄一句无关原文","林间守护者把这条线索记进冒险日志：说得好，我们可以继续前进了。","林间守护者温和地说：可以再具体一点，说说谁做了什么，或者发生了什么变化。","《夏洛的网》·2.威伯（1）","威伯走到栅栏旁， 发现母鹅说得对——真的有一块木板松了。","local-4年级-四年级下册必读-夏洛的网","local-4年级-四年级下册必读-夏洛的网-chapter-2","local-4年级-四年级下册必读-夏洛的网-chapter-2-q3"
"pending","","","夏洛的网","4","下册","必读","magic-forest","2.威伯（2）","memory","1","林间守护者轻声问：刚才这段里，哪个线索最值得记住？","母鹅说 | 威伯想 | 迂回前进","0","母鹅说","","林间守护者点点头：对，就是这个线索。你已经抓住故事里的关键了。","林间守护者提醒你：回到刚才读过的片段，找一找反复出现或推动情节的词。","《夏洛的网》·2.威伯（2）","""

实际上， 当威伯站在栅栏外， 望着这个与自己毫无阻隔的大大的

世界的时候，他只有种梦幻般的，说不清的感觉。","local-4年级-四年级下册必读-夏洛的网","local-4年级-四年级下册必读-夏洛的网-chapter-3","local-4年级-四年级下册必读-夏洛的网-chapter-3-q1"
"pending","","","夏洛的网","4","下册","必读","magic-forest","2.威伯（2）","plot_choice","2","林间守护者摊开地图：如果要继续冒险，下面哪个行动最像这一段故事接下来会发生的事？","沿着“迂回前进”这条线索继续找 | 先离开故事去做别的事 | 假装什么都没有发生","0","沿着“迂回前进”这条线索继续找","","林间守护者露出笑容：没错，真正的冒险者会顺着故事线索往前走。","林间守护者指了指书页：想一想，这一段里什么事情让故事继续前进？","《夏洛的网》·2.威伯（2）","他本想试着听从朋友们给他的建议， 可他不能同时既往上

坡跑，又往下坡跑，而且，他也不能一边蹦起来一边迂回前进，更何

况他哭喊得这么厉害， 几乎弄不清周围都发生了什么事。","local-4年级-四年级下册必读-夏洛的网","local-4年级-四年级下册必读-夏洛的网-chapter-3","local-4年级-四年级下册必读-夏洛的网-chapter-3-q2"
"pending","","","夏洛的网","4","下册","必读","magic-forest","2.威伯（2）","npc_dialogue","2","林间守护者说：请用一句话告诉我，这段故事里发生了什么重要变化？","","","围绕“母鹅说”说明故事变化","提到“母鹅说”或同义线索 | 能说明人物、事件或情绪的变化 | 不是只抄一句无关原文","林间守护者把这条线索记进冒险日志：说得好，我们可以继续前进了。","林间守护者温和地说：可以再具体一点，说说谁做了什么，或者发生了什么变化。","《夏洛的网》·2.威伯（2）","九点到十一点， 他打算挖一个洞， 或者一条小沟也行， 没准儿还

能从脏土里翻出什么好吃的呢。","local-4年级-四年级下册必读-夏洛的网","local-4年级-四年级下册必读-夏洛的网-chapter-3","local-4年级-四年级下册必读-夏洛的网-chapter-3-q3"
"pending","","","海底两万里","4","下册","必读","ocean-ruins","第一章　游动的暗礁（1）","memory","1","海底探路员轻声问：刚才这段里，哪个线索最值得记住？","希金森总督 | 哥伦布 | 庞然大物","0","希金森总督","","海底探路员点点头：对，就是这个线索。你已经抓住故事里的关键了。","海底探路员提醒你：回到刚才读过的片段，找一找反复出现或推动情节的词。","《海底两万里》·第一章　游动的暗礁（1）","1866

年，发生了一起非同寻常的事件，那真是一种神秘而又无法解

释的现象。","local-4年级-四年级下册必读-海底两万里","local-4年级-四年级下册必读-海底两万里-chapter-1","local-4年级-四年级下册必读-海底两万里-chapter-1-q1"
"pending","","","海底两万里","4","下册","必读","ocean-ruins","第一章　游动的暗礁（1）","plot_choice","2","海底探路员摊开地图：如果要继续冒险，下面哪个行动最像这一段故事接下来会发生的事？","沿着“希金森总督”这条线索继续找 | 先离开故事去做别的事 | 假装什么都没有发生","0","沿着“希金森总督”这条线索继续找","","海底探路员露出笑容：没错，真正的冒险者会顺着故事线索往前走。","海底探路员指了指书页：想一想，这一段里什么事情让故事继续前进？","《海底两万里》·第一章　游动的暗礁（1）","当时，那些经常出没于阿留申群岛

(6)

的克兰马克岛和翁格里克岛附

近海域的鲸鱼，如果它们足够大，最大的身长也不会超过

60

码

(7)

。","local-4年级-四年级下册必读-海底两万里","local-4年级-四年级下册必读-海底两万里-chapter-1","local-4年级-四年级下册必读-海底两万里-chapter-1-q2"
"pending","","","海底两万里","4","下册","必读","ocean-ruins","第一章　游动的暗礁（1）","npc_dialogue","2","海底探路员说：请用一句话告诉我，这段故事里发生了什么重要变化？","","","围绕“希金森总督”说明故事变化","提到“希金森总督”或同义线索 | 能说明人物、事件或情绪的变化 | 不是只抄一句无关原文","海底探路员把这条线索记进冒险日志：说得好，我们可以继续前进了。","海底探路员温和地说：可以再具体一点，说说谁做了什么，或者发生了什么变化。","《海底两万里》·第一章　游动的暗礁（1）","目前的问题已经不再是一个科学问题需要人们解","local-4年级-四年级下册必读-海底两万里","local-4年级-四年级下册必读-海底两万里-chapter-1","local-4年级-四年级下册必读-海底两万里-chapter-1-q3"
"pending","","","海底两万里","4","下册","必读","ocean-ruins","第一章　游动的暗礁（2）","memory","1","海底探路员轻声问：刚才这段里，哪个线索最值得记住？","斯格提亚 | 摩拉维亚 | 阿拉伯","0","斯格提亚","","海底探路员点点头：对，就是这个线索。你已经抓住故事里的关键了。","海底探路员提醒你：回到刚才读过的片段，找一找反复出现或推动情节的词。","《海底两万里》·第一章　游动的暗礁（2）","释，而是一个真正的危险需要人们认真对待并设法避免。","local-4年级-四年级下册必读-海底两万里","local-4年级-四年级下册必读-海底两万里-chapter-2","local-4年级-四年级下册必读-海底两万里-chapter-2-q1"
"pending","","","海底两万里","4","下册","必读","ocean-ruins","第一章　游动的暗礁（2）","plot_choice","2","海底探路员摊开地图：如果要继续冒险，下面哪个行动最像这一段故事接下来会发生的事？","沿着“大东方”这条线索继续找 | 先离开故事去做别的事 | 假装什么都没有发生","0","沿着“大东方”这条线索继续找","","海底探路员露出笑容：没错，真正的冒险者会顺着故事线索往前走。","海底探路员指了指书页：想一想，这一段里什么事情让故事继续前进？","《海底两万里》·第一章　游动的暗礁（2）","这些轮船都是设备最先进的快船，而且是除了

“

大东方

”

号之外载

客量最大的邮轮，因此在国际航运中具有无与伦比的地位。","local-4年级-四年级下册必读-海底两万里","local-4年级-四年级下册必读-海底两万里-chapter-2","local-4年级-四年级下册必读-海底两万里-chapter-2-q2"
"pending","","","海底两万里","4","下册","必读","ocean-ruins","第一章　游动的暗礁（2）","npc_dialogue","2","海底探路员说：请用一句话告诉我，这段故事里发生了什么重要变化？","","","围绕“斯格提亚”说明故事变化","提到“斯格提亚”或同义线索 | 能说明人物、事件或情绪的变化 | 不是只抄一句无关原文","海底探路员把这条线索记进冒险日志：说得好，我们可以继续前进了。","海底探路员温和地说：可以再具体一点，说说谁做了什么，或者发生了什么变化。","《海底两万里》·第一章　游动的暗礁（2）","待修的

“

斯格提亚

”

号被架了起来，当工程师们检查这艘被撞船只的

时候，他们简直不能相信眼前的事实，只见在船身的吃水线下","local-4年级-四年级下册必读-海底两万里","local-4年级-四年级下册必读-海底两万里-chapter-2","local-4年级-四年级下册必读-海底两万里-chapter-2-q3"
"pending","","","海底两万里","4","下册","必读","ocean-ruins","2.5","memory","1","海底探路员轻声问：刚才这段里，哪个线索最值得记住？","码处 | 海怪问题 | 白鲸","0","码处","","海底探路员点点头：对，就是这个线索。你已经抓住故事里的关键了。","海底探路员提醒你：回到刚才读过的片段，找一找反复出现或推动情节的词。","《海底两万里》·2.5","码
处，出现了一个规则的等边三角形缺口。","local-4年级-四年级下册必读-海底两万里","local-4年级-四年级下册必读-海底两万里-chapter-3","local-4年级-四年级下册必读-海底两万里-chapter-3-q1"
"pending","","","海底两万里","4","下册","必读","ocean-ruins","2.5","plot_choice","2","海底探路员摊开地图：如果要继续冒险，下面哪个行动最像这一段故事接下来会发生的事？","沿着“海怪问题”这条线索继续找 | 先离开故事去做别的事 | 假装什么都没有发生","0","沿着“海怪问题”这条线索继续找","","海底探路员露出笑容：没错，真正的冒险者会顺着故事线索往前走。","海底探路员指了指书页：想一想，这一段里什么事情让故事继续前进？","《海底两万里》·2.5","(6)
阿留申群岛，位于太平洋北部海域，为分隔白令海和太平洋的火山群岛。","local-4年级-四年级下册必读-海底两万里","local-4年级-四年级下册必读-海底两万里-chapter-3","local-4年级-四年级下册必读-海底两万里-chapter-3-q2"
"pending","","","海底两万里","4","下册","必读","ocean-ruins","2.5","npc_dialogue","2","海底探路员说：请用一句话告诉我，这段故事里发生了什么重要变化？","","","围绕“海怪问题”说明故事变化","提到“海怪问题”或同义线索 | 能说明人物、事件或情绪的变化 | 不是只抄一句无关原文","海底探路员把这条线索记进冒险日志：说得好，我们可以继续前进了。","海底探路员温和地说：可以再具体一点，说说谁做了什么，或者发生了什么变化。","《海底两万里》·2.5","(18)
哈利法克斯，加拿大一个港口城市，为世界第二大自然良港，仅次于悉尼。","local-4年级-四年级下册必读-海底两万里","local-4年级-四年级下册必读-海底两万里-chapter-3","local-4年级-四年级下册必读-海底两万里-chapter-3-q3"
"pending","","","草房子","4","下册","必读","magic-forest","第一章 秃鹤（1）","memory","1","林间守护者轻声问：刚才这段里，哪个线索最值得记住？","小秃子 | 我不上学了 | 胡说","0","小秃子","","林间守护者点点头：对，就是这个线索。你已经抓住故事里的关键了。","林间守护者提醒你：回到刚才读过的片段，找一找反复出现或推动情节的词。","《草房子》·第一章 秃鹤（1）","秃鹤

1

秃鹤与桑桑从一年级开始，一直到六年级，都是同班同学。","local-4年级-四年级下册必读-草房子","local-4年级-四年级下册必读-草房子-chapter-1","local-4年级-四年级下册必读-草房子-chapter-1-q1"
"pending","","","草房子","4","下册","必读","magic-forest","第一章 秃鹤（1）","plot_choice","2","林间守护者摊开地图：如果要继续冒险，下面哪个行动最像这一段故事接下来会发生的事？","沿着“小秃子”这条线索继续找 | 先离开故事去做别的事 | 假装什么都没有发生","0","沿着“小秃子”这条线索继续找","","林间守护者露出笑容：没错，真正的冒险者会顺着故事线索往前走。","林间守护者指了指书页：想一想，这一段里什么事情让故事继续前进？","《草房子》·第一章 秃鹤（1）","雨沙沙沙地打在竹叶上，然后从缝隙中滴落到他的秃头上。","local-4年级-四年级下册必读-草房子","local-4年级-四年级下册必读-草房子-chapter-1","local-4年级-四年级下册必读-草房子-chapter-1-q2"
"pending","","","草房子","4","下册","必读","magic-forest","第一章 秃鹤（1）","npc_dialogue","2","林间守护者说：请用一句话告诉我，这段故事里发生了什么重要变化？","","","围绕“小秃子”说明故事变化","提到“小秃子”或同义线索 | 能说明人物、事件或情绪的变化 | 不是只抄一句无关原文","林间守护者把这条线索记进冒险日志：说得好，我们可以继续前进了。","林间守护者温和地说：可以再具体一点，说说谁做了什么，或者发生了什么变化。","《草房子》·第一章 秃鹤（1）","但当太阳凌空而照时，那房顶

上金泽闪闪，又显出一派华贵来。","local-4年级-四年级下册必读-草房子","local-4年级-四年级下册必读-草房子-chapter-1","local-4年级-四年级下册必读-草房子-chapter-1-q3"
"pending","","","草房子","4","下册","必读","magic-forest","第一章 秃鹤（2）","memory","1","林间守护者轻声问：刚才这段里，哪个线索最值得记住？","人家 | 嗷嗷 | 我就是桑桑","0","人家","","林间守护者点点头：对，就是这个线索。你已经抓住故事里的关键了。","林间守护者提醒你：回到刚才读过的片段，找一找反复出现或推动情节的词。","《草房子》·第一章 秃鹤（2）","桑桑喜欢这些草房子，这既是因为他是草房子里的学生，又是因为

他的家也在这草房子里。","local-4年级-四年级下册必读-草房子","local-4年级-四年级下册必读-草房子-chapter-2","local-4年级-四年级下册必读-草房子-chapter-2-q1"
"pending","","","草房子","4","下册","必读","magic-forest","第一章 秃鹤（2）","plot_choice","2","林间守护者摊开地图：如果要继续冒险，下面哪个行动最像这一段故事接下来会发生的事？","沿着“人家”这条线索继续找 | 先离开故事去做别的事 | 假装什么都没有发生","0","沿着“人家”这条线索继续找","","林间守护者露出笑容：没错，真正的冒险者会顺着故事线索往前走。","林间守护者指了指书页：想一想，这一段里什么事情让故事继续前进？","《草房子》·第一章 秃鹤（2）","大路上，偶

尔有人走过，都是匆匆的样子，仿佛在这种阳光下一旦呆久了，就会被

烧着似的。","local-4年级-四年级下册必读-草房子","local-4年级-四年级下册必读-草房子-chapter-2","local-4年级-四年级下册必读-草房子-chapter-2-q2"
"pending","","","草房子","4","下册","必读","magic-forest","第一章 秃鹤（2）","npc_dialogue","2","林间守护者说：请用一句话告诉我，这段故事里发生了什么重要变化？","","","围绕“人家”说明故事变化","提到“人家”或同义线索 | 能说明人物、事件或情绪的变化 | 不是只抄一句无关原文","林间守护者把这条线索记进冒险日志：说得好，我们可以继续前进了。","林间守护者温和地说：可以再具体一点，说说谁做了什么，或者发生了什么变化。","《草房子》·第一章 秃鹤（2）","有几个老师一边看，一边在喉咙里咯咯咯地笑，还有

几个老师笑得弯下腰去，然后跑进屋里喝口水，润了润笑干了的嗓子。","local-4年级-四年级下册必读-草房子","local-4年级-四年级下册必读-草房子-chapter-2","local-4年级-四年级下册必读-草房子-chapter-2-q3"
"pending","","","草房子","4","下册","必读","magic-forest","第一章 秃鹤（3）","memory","1","林间守护者轻声问：刚才这段里，哪个线索最值得记住？","秃鹤 | 我的帽子 | 白鸽","0","秃鹤","","林间守护者点点头：对，就是这个线索。你已经抓住故事里的关键了。","林间守护者提醒你：回到刚才读过的片段，找一找反复出现或推动情节的词。","《草房子》·第一章 秃鹤（3）","正当大家看得如痴如醉时，油麻地小学又出现了一道好风景：秃鹤

第一回戴着他父亲给他买的帽子上学来了。","local-4年级-四年级下册必读-草房子","local-4年级-四年级下册必读-草房子-chapter-3","local-4年级-四年级下册必读-草房子-chapter-3-q1"
"pending","","","草房子","4","下册","必读","magic-forest","第一章 秃鹤（3）","plot_choice","2","林间守护者摊开地图：如果要继续冒险，下面哪个行动最像这一段故事接下来会发生的事？","沿着“秃鹤”这条线索继续找 | 先离开故事去做别的事 | 假装什么都没有发生","0","沿着“秃鹤”这条线索继续找","","林间守护者露出笑容：没错，真正的冒险者会顺着故事线索往前走。","林间守护者指了指书页：想一想，这一段里什么事情让故事继续前进？","《草房子》·第一章 秃鹤（3）","等秃鹤另寻空隙追出

门时，阿恕已不知藏到什么鬼地方去了。","local-4年级-四年级下册必读-草房子","local-4年级-四年级下册必读-草房子-chapter-3","local-4年级-四年级下册必读-草房子-chapter-3-q2"
"pending","","","草房子","4","下册","必读","magic-forest","第一章 秃鹤（3）","npc_dialogue","2","林间守护者说：请用一句话告诉我，这段故事里发生了什么重要变化？","","","围绕“秃鹤”说明故事变化","提到“秃鹤”或同义线索 | 能说明人物、事件或情绪的变化 | 不是只抄一句无关原文","林间守护者把这条线索记进冒险日志：说得好，我们可以继续前进了。","林间守护者温和地说：可以再具体一点，说说谁做了什么，或者发生了什么变化。","《草房子》·第一章 秃鹤（3）","”

当天夜里，熟睡的秃鹤被父亲叫醒，矇矇眬眬地见到了看上去可怜

巴巴的桑桑，并听见桑桑吭哧吭哧地说：

“

我以后再也不摘你的帽子

了

……”

4","local-4年级-四年级下册必读-草房子","local-4年级-四年级下册必读-草房子-chapter-3","local-4年级-四年级下册必读-草房子-chapter-3-q3"
"pending","","","昆虫记","5","上册","必读","ocean-ruins","昆虫记 片段 1","memory","1","海底探路员轻声问：刚才这段里，哪个线索最值得记住？","人生 | 虫性 | 讲昆虫故事","0","人生","","海底探路员点点头：对，就是这个线索。你已经抓住故事里的关键了。","海底探路员提醒你：回到刚才读过的片段，找一找反复出现或推动情节的词。","《昆虫记》·昆虫记 片段 1","跟随法布尔的脚步，进入一个生动有趣的昆虫世界；追随法布尔的
精神，探索自然永恒的奥秘。","local-5年级-五年级上册必读-昆虫记","local-5年级-五年级上册必读-昆虫记-chapter-1","local-5年级-五年级上册必读-昆虫记-chapter-1-q1"
"pending","","","昆虫记","5","上册","必读","ocean-ruins","昆虫记 片段 1","plot_choice","2","海底探路员摊开地图：如果要继续冒险，下面哪个行动最像这一段故事接下来会发生的事？","沿着“人生”这条线索继续找 | 先离开故事去做别的事 | 假装什么都没有发生","0","沿着“人生”这条线索继续找","","海底探路员露出笑容：没错，真正的冒险者会顺着故事线索往前走。","海底探路员指了指书页：想一想，这一段里什么事情让故事继续前进？","《昆虫记》·昆虫记 片段 1","因为那原本开阔敞亮无遮拦的视野，现今已经变得
十分局促。","local-5年级-五年级上册必读-昆虫记","local-5年级-五年级上册必读-昆虫记-chapter-1","local-5年级-五年级上册必读-昆虫记-chapter-1-q2"
"pending","","","昆虫记","5","上册","必读","ocean-ruins","昆虫记 片段 1","npc_dialogue","2","海底探路员说：请用一句话告诉我，这段故事里发生了什么重要变化？","","","围绕“人生”说明故事变化","提到“人生”或同义线索 | 能说明人物、事件或情绪的变化 | 不是只抄一句无关原文","海底探路员把这条线索记进冒险日志：说得好，我们可以继续前进了。","海底探路员温和地说：可以再具体一点，说说谁做了什么，或者发生了什么变化。","《昆虫记》·昆虫记 片段 1","到了春天，如果碰巧下点雨，这里也会长出一些青
草，吸引牧羊人赶来他们的羊群。","local-5年级-五年级上册必读-昆虫记","local-5年级-五年级上册必读-昆虫记-chapter-1","local-5年级-五年级上册必读-昆虫记-chapter-1-q3"
"pending","","","昆虫记","5","上册","必读","ocean-ruins","昆虫记 片段 2","memory","1","海底探路员轻声问：刚才这段里，哪个线索最值得记住？","我的荒石园 | 伊甸园 | 当然","0","我的荒石园","","海底探路员点点头：对，就是这个线索。你已经抓住故事里的关键了。","海底探路员提醒你：回到刚才读过的片段，找一找反复出现或推动情节的词。","《昆虫记》·昆虫记 片段 2","我的荒石园里有一些掺着石子的红土，据说曾经被人耕种过，长过
一些葡萄。","local-5年级-五年级上册必读-昆虫记","local-5年级-五年级上册必读-昆虫记-chapter-2","local-5年级-五年级上册必读-昆虫记-chapter-2-q1"
"pending","","","昆虫记","5","上册","必读","ocean-ruins","昆虫记 片段 2","plot_choice","2","海底探路员摊开地图：如果要继续冒险，下面哪个行动最像这一段故事接下来会发生的事？","沿着“伊甸园”这条线索继续找 | 先离开故事去做别的事 | 假装什么都没有发生","0","沿着“伊甸园”这条线索继续找","","海底探路员露出笑容：没错，真正的冒险者会顺着故事线索往前走。","海底探路员指了指书页：想一想，这一段里什么事情让故事继续前进？","《昆虫记》·昆虫记 片段 2","我对这些可爱的小邻居的离开感到十分惋惜，但对那
个凶悍的蜥蜴，则没有丝毫的惋惜之情。","local-5年级-五年级上册必读-昆虫记","local-5年级-五年级上册必读-昆虫记-chapter-2","local-5年级-五年级上册必读-昆虫记-chapter-2-q2"
"pending","","","昆虫记","5","上册","必读","ocean-ruins","昆虫记 片段 2","npc_dialogue","2","海底探路员说：请用一句话告诉我，这段故事里发生了什么重要变化？","","","围绕“实验室”说明故事变化","提到“实验室”或同义线索 | 能说明人物、事件或情绪的变化 | 不是只抄一句无关原文","海底探路员把这条线索记进冒险日志：说得好，我们可以继续前进了。","海底探路员温和地说：可以再具体一点，说说谁做了什么，或者发生了什么变化。","《昆虫记》·昆虫记 片段 2","毕竟我的实验室天然自足，不需花费纳税人一分
钱。","local-5年级-五年级上册必读-昆虫记","local-5年级-五年级上册必读-昆虫记-chapter-2","local-5年级-五年级上册必读-昆虫记-chapter-2-q3"
"pending","","","昆虫记","5","上册","必读","ocean-ruins","昆虫记 片段 3","memory","1","海底探路员轻声问：刚才这段里，哪个线索最值得记住？","白面螽斯的 | 蒂克 | 蒂克——蒂克","0","白面螽斯的","","海底探路员点点头：对，就是这个线索。你已经抓住故事里的关键了。","海底探路员提醒你：回到刚才读过的片段，找一找反复出现或推动情节的词。","《昆虫记》·昆虫记 片段 3","白面螽斯的习惯
在昆虫中，白面螽斯的歌喉和仪表是首屈一指的。","local-5年级-五年级上册必读-昆虫记","local-5年级-五年级上册必读-昆虫记-chapter-3","local-5年级-五年级上册必读-昆虫记-chapter-3-q1"
"pending","","","昆虫记","5","上册","必读","ocean-ruins","昆虫记 片段 3","plot_choice","2","海底探路员摊开地图：如果要继续冒险，下面哪个行动最像这一段故事接下来会发生的事？","沿着“蒂克”这条线索继续找 | 先离开故事去做别的事 | 假装什么都没有发生","0","沿着“蒂克”这条线索继续找","","海底探路员露出笑容：没错，真正的冒险者会顺着故事线索往前走。","海底探路员指了指书页：想一想，这一段里什么事情让故事继续前进？","《昆虫记》·昆虫记 片段 3","令人恼火的
是，我们已经无法从化石上考证，但幸运的是可以从石炭纪昆虫的后代
身上得到一些线索。","local-5年级-五年级上册必读-昆虫记","local-5年级-五年级上册必读-昆虫记-chapter-3","local-5年级-五年级上册必读-昆虫记-chapter-3-q2"
"pending","","","昆虫记","5","上册","必读","ocean-ruins","昆虫记 片段 3","npc_dialogue","2","海底探路员说：请用一句话告诉我，这段故事里发生了什么重要变化？","","","围绕“现在”说明故事变化","提到“现在”或同义线索 | 能说明人物、事件或情绪的变化 | 不是只抄一句无关原文","海底探路员把这条线索记进冒险日志：说得好，我们可以继续前进了。","海底探路员温和地说：可以再具体一点，说说谁做了什么，或者发生了什么变化。","《昆虫记》·昆虫记 片段 3","现在，袋子瘪
了，只剩空袋子和唯一的部件
——
乳液塞子。","local-5年级-五年级上册必读-昆虫记","local-5年级-五年级上册必读-昆虫记-chapter-3","local-5年级-五年级上册必读-昆虫记-chapter-3-q3"
"pending","","","小王子","5","上册","选读","sky-kingdom","小王子 片段 1","memory","1","云端信使轻声问：刚才这段里，哪个线索最值得记住？","真实的故事 | 问这干吗 | 是的","0","真实的故事","","云端信使点点头：对，就是这个线索。你已经抓住故事里的关键了。","云端信使提醒你：回到刚才读过的片段，找一找反复出现或推动情节的词。","《小王子》·小王子 片段 1","圣埃克絮佩里
（
Antoine De Saint-Exupéry 1900-1944
）

◆
◆
◆
我六岁那年，在一本描写原始森林的名叫《真实的故事》的书上，
看见过一幅精彩的插图，画的是一条蟒蛇在吞吃一头猛兽。","local-5年级-五年级上册选读-小王子","local-5年级-五年级上册选读-小王子-chapter-1","local-5年级-五年级上册选读-小王子-chapter-1-q1"
"pending","","","小王子","5","上册","选读","sky-kingdom","小王子 片段 1","plot_choice","2","云端信使摊开地图：如果要继续冒险，下面哪个行动最像这一段故事接下来会发生的事？","沿着“问这干吗”这条线索继续找 | 先离开故事去做别的事 | 假装什么都没有发生","0","沿着“问这干吗”这条线索继续找","","云端信使露出笑容：没错，真正的冒险者会顺着故事线索往前走。","云端信使指了指书页：想一想，这一段里什么事情让故事继续前进？","《小王子》·小王子 片段 1","等我总算说得出话时，我对他说：
“
可是
……
你在这儿干吗？","local-5年级-五年级上册选读-小王子","local-5年级-五年级上册选读-小王子-chapter-1","local-5年级-五年级上册选读-小王子-chapter-1-q2"
"pending","","","小王子","5","上册","选读","sky-kingdom","小王子 片段 1","npc_dialogue","2","云端信使说：请用一句话告诉我，这段故事里发生了什么重要变化？","","","围绕“问这干吗”说明故事变化","提到“问这干吗”或同义线索 | 能说明人物、事件或情绪的变化 | 不是只抄一句无关原文","云端信使把这条线索记进冒险日志：说得好，我们可以继续前进了。","云端信使温和地说：可以再具体一点，说说谁做了什么，或者发生了什么变化。","《小王子》·小王子 片段 1","比如说，他把它叫作
“3251
号小行星
”
。","local-5年级-五年级上册选读-小王子","local-5年级-五年级上册选读-小王子-chapter-1","local-5年级-五年级上册选读-小王子-chapter-1-q3"
"pending","","","小王子","5","上册","选读","sky-kingdom","小王子 片段 2","memory","1","云端信使轻声问：刚才这段里，哪个线索最值得记住？","等什么 | 多漂亮的房子 | 绵羊当真吃灌木吗","0","等什么","","云端信使点点头：对，就是这个线索。你已经抓住故事里的关键了。","云端信使提醒你：回到刚才读过的片段，找一找反复出现或推动情节的词。","《小王子》·小王子 片段 2","我有很可靠的理由，足以相信小王子原先住的那个星球，就是
B612
号小行星。","local-5年级-五年级上册选读-小王子","local-5年级-五年级上册选读-小王子-chapter-2","local-5年级-五年级上册选读-小王子-chapter-2-q1"
"pending","","","小王子","5","上册","选读","sky-kingdom","小王子 片段 2","plot_choice","2","云端信使摊开地图：如果要继续冒险，下面哪个行动最像这一段故事接下来会发生的事？","沿着“等什么”这条线索继续找 | 先离开故事去做别的事 | 假装什么都没有发生","0","沿着“等什么”这条线索继续找","","云端信使露出笑容：没错，真正的冒险者会顺着故事线索往前走。","云端信使指了指书页：想一想，这一段里什么事情让故事继续前进？","《小王子》·小王子 片段 2","可你为什么想让绵羊去吃小猴面包树呢？","local-5年级-五年级上册选读-小王子","local-5年级-五年级上册选读-小王子-chapter-2","local-5年级-五年级上册选读-小王子-chapter-2-q2"
"pending","","","小王子","5","上册","选读","sky-kingdom","小王子 片段 2","npc_dialogue","2","云端信使说：请用一句话告诉我，这段故事里发生了什么重要变化？","","","围绕“等什么”说明故事变化","提到“等什么”或同义线索 | 能说明人物、事件或情绪的变化 | 不是只抄一句无关原文","云端信使把这条线索记进冒险日志：说得好，我们可以继续前进了。","云端信使温和地说：可以再具体一点，说说谁做了什么，或者发生了什么变化。","《小王子》·小王子 片段 2","”
过了一会儿，你又说：

“
你知道
……
一个人感到非常忧伤的时候，他就喜欢看日落
……”
“
这么说，看四十三次的那天，你感到非常忧伤？","local-5年级-五年级上册选读-小王子","local-5年级-五年级上册选读-小王子-chapter-2","local-5年级-五年级上册选读-小王子-chapter-2-q3"
"pending","","","小王子","5","上册","选读","sky-kingdom","小王子 片段 3","memory","1","云端信使轻声问：刚才这段里，哪个线索最值得记住？","再见啦 | 那么刺有什么用呢 | 正事","0","再见啦","","云端信使点点头：对，就是这个线索。你已经抓住故事里的关键了。","云端信使提醒你：回到刚才读过的片段，找一找反复出现或推动情节的词。","《小王子》·小王子 片段 3","◆
◆
◆
第五天，还是羊的事情，把小王子生活的秘密向我揭开了。","local-5年级-五年级上册选读-小王子","local-5年级-五年级上册选读-小王子-chapter-3","local-5年级-五年级上册选读-小王子-chapter-3-q1"
"pending","","","小王子","5","上册","选读","sky-kingdom","小王子 片段 3","plot_choice","2","云端信使摊开地图：如果要继续冒险，下面哪个行动最像这一段故事接下来会发生的事？","沿着“再见啦”这条线索继续找 | 先离开故事去做别的事 | 假装什么都没有发生","0","沿着“再见啦”这条线索继续找","","云端信使露出笑容：没错，真正的冒险者会顺着故事线索往前走。","云端信使指了指书页：想一想，这一段里什么事情让故事继续前进？","《小王子》·小王子 片段 3","她不愿像虞美
人
[1]
那样一亮相就是满脸皱纹。","local-5年级-五年级上册选读-小王子","local-5年级-五年级上册选读-小王子-chapter-3","local-5年级-五年级上册选读-小王子-chapter-3-q2"
"pending","","","小王子","5","上册","选读","sky-kingdom","小王子 片段 3","npc_dialogue","2","云端信使说：请用一句话告诉我，这段故事里发生了什么重要变化？","","","围绕“再见啦”说明故事变化","提到“再见啦”或同义线索 | 能说明人物、事件或情绪的变化 | 不是只抄一句无关原文","云端信使把这条线索记进冒险日志：说得好，我们可以继续前进了。","云端信使温和地说：可以再具体一点，说说谁做了什么，或者发生了什么变化。","《小王子》·小王子 片段 3","他举着罩子，茫然不知所措
地站在那儿。","local-5年级-五年级上册选读-小王子","local-5年级-五年级上册选读-小王子-chapter-3","local-5年级-五年级上册选读-小王子-chapter-3-q3"
"pending","","","西游记","5","下册","必读","ancient-desert","第二回 悟彻菩提真妙理（1）","memory","1","沙漠记录员轻声问：刚才这段里，哪个线索最值得记住？","祖师道 | 悟空道 | 似这般可得长生么","0","祖师道","","沙漠记录员点点头：对，就是这个线索。你已经抓住故事里的关键了。","沙漠记录员提醒你：回到刚才读过的片段，找一找反复出现或推动情节的词。","《西游记》·第二回 悟彻菩提真妙理（1）","悟彻菩提真妙理

断魔归本合元神

话表美猴王得了姓名，怡然踊跃，对菩提前作礼启谢。","local-5年级-五年级下册必读-西游记","local-5年级-五年级下册必读-西游记-chapter-1","local-5年级-五年级下册必读-西游记-chapter-1-q1"
"pending","","","西游记","5","下册","必读","ancient-desert","第二回 悟彻菩提真妙理（1）","plot_choice","2","沙漠记录员摊开地图：如果要继续冒险，下面哪个行动最像这一段故事接下来会发生的事？","沿着“祖师道”这条线索继续找 | 先离开故事去做别的事 | 假装什么都没有发生","0","沿着“祖师道”这条线索继续找","","沙漠记录员露出笑容：没错，真正的冒险者会顺着故事线索往前走。","沙漠记录员指了指书页：想一想，这一段里什么事情让故事继续前进？","《西游记》·第二回 悟彻菩提真妙理（1）","祖师打他三下者，教他三更时分存心，倒背着手走入里

面；将中门关上者，教他从后门进步，秘处传他道也。","local-5年级-五年级下册必读-西游记","local-5年级-五年级下册必读-西游记-chapter-1","local-5年级-五年级下册必读-西游记-chapter-1-q2"
"pending","","","西游记","5","下册","必读","ancient-desert","第二回 悟彻菩提真妙理（1）","npc_dialogue","2","沙漠记录员说：请用一句话告诉我，这段故事里发生了什么重要变化？","","","围绕“悟空道”说明故事变化","提到“悟空道”或同义线索 | 能说明人物、事件或情绪的变化 | 不是只抄一句无关原文","沙漠记录员把这条线索记进冒险日志：说得好，我们可以继续前进了。","沙漠记录员温和地说：可以再具体一点，说说谁做了什么，或者发生了什么变化。","《西游记》·第二回 悟彻菩提真妙理（1）","”悟空道：“我也头圆顶天，足方履地，一般","local-5年级-五年级下册必读-西游记","local-5年级-五年级下册必读-西游记-chapter-1","local-5年级-五年级下册必读-西游记-chapter-1-q3"
"pending","","","西游记","5","下册","必读","ancient-desert","第二回 悟彻菩提真妙理（2）","memory","1","沙漠记录员轻声问：刚才这段里，哪个线索最值得记住？","祖师道 | 你等起去 | 有甚祸事","0","祖师道","","沙漠记录员点点头：对，就是这个线索。你已经抓住故事里的关键了。","沙漠记录员提醒你：回到刚才读过的片段，找一找反复出现或推动情节的词。","《西游记》·第二回 悟彻菩提真妙理（2）","有九窍四肢，五脏六腑，何以比人不同？","local-5年级-五年级下册必读-西游记","local-5年级-五年级下册必读-西游记-chapter-2","local-5年级-五年级下册必读-西游记-chapter-2-q1"
"pending","","","西游记","5","下册","必读","ancient-desert","第二回 悟彻菩提真妙理（2）","plot_choice","2","沙漠记录员摊开地图：如果要继续冒险，下面哪个行动最像这一段故事接下来会发生的事？","沿着“祖师道”这条线索继续找 | 先离开故事去做别的事 | 假装什么都没有发生","0","沿着“祖师道”这条线索继续找","","沙漠记录员露出笑容：没错，真正的冒险者会顺着故事线索往前走。","沙漠记录员指了指书页：想一想，这一段里什么事情让故事继续前进？","《西游记》·第二回 悟彻菩提真妙理（2）","”祖师

道：“我也不罪你，但只是你去罢。","local-5年级-五年级下册必读-西游记","local-5年级-五年级下册必读-西游记-chapter-2","local-5年级-五年级下册必读-西游记-chapter-2-q2"
"pending","","","西游记","5","下册","必读","ancient-desert","第二回 悟彻菩提真妙理（2）","npc_dialogue","2","沙漠记录员说：请用一句话告诉我，这段故事里发生了什么重要变化？","","","围绕“祖师道”说明故事变化","提到“祖师道”或同义线索 | 能说明人物、事件或情绪的变化 | 不是只抄一句无关原文","沙漠记录员把这条线索记进冒险日志：说得好，我们可以继续前进了。","沙漠记录员温和地说：可以再具体一点，说说谁做了什么，或者发生了什么变化。","《西游记》·第二回 悟彻菩提真妙理（2）","”魔王见了，笑

道：“你身不满四尺，年不过三旬，手内又无兵器，怎么大胆猖狂，要

寻我见甚么上下？","local-5年级-五年级下册必读-西游记","local-5年级-五年级下册必读-西游记-chapter-2","local-5年级-五年级下册必读-西游记-chapter-2-q3"
"pending","","","西游记","5","下册","必读","ancient-desert","第二回 悟彻菩提真妙理（3）","memory","1","沙漠记录员轻声问：刚才这段里，哪个线索最值得记住？","元神 | 三元 | 八极","0","元神","","沙漠记录员点点头：对，就是这个线索。你已经抓住故事里的关键了。","沙漠记录员提醒你：回到刚才读过的片段，找一找反复出现或推动情节的词。","《西游记》·第二回 悟彻菩提真妙理（3）","你量我无兵器，我两只手够着天边月哩！","local-5年级-五年级下册必读-西游记","local-5年级-五年级下册必读-西游记-chapter-3","local-5年级-五年级下册必读-西游记-chapter-3-q1"
"pending","","","西游记","5","下册","必读","ancient-desert","第二回 悟彻菩提真妙理（3）","plot_choice","2","沙漠记录员摊开地图：如果要继续冒险，下面哪个行动最像这一段故事接下来会发生的事？","沿着“地涌金莲”这条线索继续找 | 先离开故事去做别的事 | 假装什么都没有发生","0","沿着“地涌金莲”这条线索继续找","","沙漠记录员露出笑容：没错，真正的冒险者会顺着故事线索往前走。","沙漠记录员指了指书页：想一想，这一段里什么事情让故事继续前进？","《西游记》·第二回 悟彻菩提真妙理（3）","“地涌金莲”也

比喻说法透彻，说得天上坠花，地下涌出莲花。","local-5年级-五年级下册必读-西游记","local-5年级-五年级下册必读-西游记-chapter-3","local-5年级-五年级下册必读-西游记-chapter-3-q2"
"pending","","","西游记","5","下册","必读","ancient-desert","第二回 悟彻菩提真妙理（3）","npc_dialogue","2","沙漠记录员说：请用一句话告诉我，这段故事里发生了什么重要变化？","","","围绕“元神”说明故事变化","提到“元神”或同义线索 | 能说明人物、事件或情绪的变化 | 不是只抄一句无关原文","沙漠记录员把这条线索记进冒险日志：说得好，我们可以继续前进了。","沙漠记录员温和地说：可以再具体一点，说说谁做了什么，或者发生了什么变化。","《西游记》·第二回 悟彻菩提真妙理（3）","又，《史

记》卷一百二十八《龟策传》：“孔子闻之曰：‘神龟知吉凶，而骨直空枯；日为德而","local-5年级-五年级下册必读-西游记","local-5年级-五年级下册必读-西游记-chapter-3","local-5年级-五年级下册必读-西游记-chapter-3-q3"
"pending","","","汤姆-索亚历险记","6","上册","必读","ice-mountain","第二章 刷栅栏","memory","1","雪峰向导轻声问：刚才这段里，哪个线索最值得记住？","大米苏里号 | 汤姆 | 要知道","0","大米苏里号","","雪峰向导点点头：对，就是这个线索。你已经抓住故事里的关键了。","雪峰向导提醒你：回到刚才读过的片段，找一找反复出现或推动情节的词。","《汤姆-索亚历险记》·第二章 刷栅栏","刷栅栏
夏天的早晨清新而怡人，尤其是星期六的早晨。","local-6年级-六年级上册必读-汤姆-索亚历险记","local-6年级-六年级上册必读-汤姆-索亚历险记-chapter-1","local-6年级-六年级上册必读-汤姆-索亚历险记-chapter-1-q1"
"pending","","","汤姆-索亚历险记","6","上册","必读","ice-mountain","第二章 刷栅栏","plot_choice","2","雪峰向导摊开地图：如果要继续冒险，下面哪个行动最像这一段故事接下来会发生的事？","沿着“大米苏里号”这条线索继续找 | 先离开故事去做别的事 | 假装什么都没有发生","0","沿着“大米苏里号”这条线索继续找","","雪峰向导露出笑容：没错，真正的冒险者会顺着故事线索往前走。","雪峰向导指了指书页：想一想，这一段里什么事情让故事继续前进？","《汤姆-索亚历险记》·第二章 刷栅栏","船长、水手、甚至
是引擎、马达都归他管。","local-6年级-六年级上册必读-汤姆-索亚历险记","local-6年级-六年级上册必读-汤姆-索亚历险记-chapter-1","local-6年级-六年级上册必读-汤姆-索亚历险记-chapter-1-q2"
"pending","","","汤姆-索亚历险记","6","上册","必读","ice-mountain","第二章 刷栅栏","npc_dialogue","2","雪峰向导说：请用一句话告诉我，这段故事里发生了什么重要变化？","","","围绕“大米苏里号”说明故事变化","提到“大米苏里号”或同义线索 | 能说明人物、事件或情绪的变化 | 不是只抄一句无关原文","雪峰向导把这条线索记进冒险日志：说得好，我们可以继续前进了。","雪峰向导温和地说：可以再具体一点，说说谁做了什么，或者发生了什么变化。","《汤姆-索亚历险记》·第二章 刷栅栏","他吹着口哨，一蹦一跳地跑回屋
去，向波莉姨妈领赏去了。","local-6年级-六年级上册必读-汤姆-索亚历险记","local-6年级-六年级上册必读-汤姆-索亚历险记-chapter-1","local-6年级-六年级上册必读-汤姆-索亚历险记-chapter-1-q3"
"pending","","","汤姆-索亚历险记","6","上册","必读","ice-mountain","第三章一","memory","1","雪峰向导轻声问：刚才这段里，哪个线索最值得记住？","姨妈 | 嘘嘘 | 全干好了姨妈","0","姨妈","","雪峰向导点点头：对，就是这个线索。你已经抓住故事里的关键了。","雪峰向导提醒你：回到刚才读过的片段，找一找反复出现或推动情节的词。","《汤姆-索亚历险记》·第三章一","见钟情
这是一间多功能的房间，波莉姨妈用它做卧室、早餐室，有时候也
做图书室。","local-6年级-六年级上册必读-汤姆-索亚历险记","local-6年级-六年级上册必读-汤姆-索亚历险记-chapter-2","local-6年级-六年级上册必读-汤姆-索亚历险记-chapter-2-q1"
"pending","","","汤姆-索亚历险记","6","上册","必读","ice-mountain","第三章一","plot_choice","2","雪峰向导摊开地图：如果要继续冒险，下面哪个行动最像这一段故事接下来会发生的事？","沿着“姨妈”这条线索继续找 | 先离开故事去做别的事 | 假装什么都没有发生","0","沿着“姨妈”这条线索继续找","","雪峰向导露出笑容：没错，真正的冒险者会顺着故事线索往前走。","雪峰向导指了指书页：想一想，这一段里什么事情让故事继续前进？","《汤姆-索亚历险记》·第三章一","姨妈揪住汤姆，狠狠地揍了一顿，以惩罚他
用土疙瘩丢席德。","local-6年级-六年级上册必读-汤姆-索亚历险记","local-6年级-六年级上册必读-汤姆-索亚历险记-chapter-2","local-6年级-六年级上册必读-汤姆-索亚历险记-chapter-2-q2"
"pending","","","汤姆-索亚历险记","6","上册","必读","ice-mountain","第三章一","npc_dialogue","2","雪峰向导说：请用一句话告诉我，这段故事里发生了什么重要变化？","","","围绕“汤姆”说明故事变化","提到“汤姆”或同义线索 | 能说明人物、事件或情绪的变化 | 不是只抄一句无关原文","雪峰向导把这条线索记进冒险日志：说得好，我们可以继续前进了。","雪峰向导温和地说：可以再具体一点，说说谁做了什么，或者发生了什么变化。","《汤姆-索亚历险记》·第三章一","汤姆躺下身去，罪过，他竟然连
晚祷都没有做！","local-6年级-六年级上册必读-汤姆-索亚历险记","local-6年级-六年级上册必读-汤姆-索亚历险记-chapter-2","local-6年级-六年级上册必读-汤姆-索亚历险记-chapter-2-q3"
"pending","","","汤姆-索亚历险记","6","上册","必读","ice-mountain","第四章大名人（1）","memory","1","雪峰向导轻声问：刚才这段里，哪个线索最值得记住？","圣经 | 山中圣训 | 巴罗","0","圣经","","雪峰向导点点头：对，就是这个线索。你已经抓住故事里的关键了。","雪峰向导提醒你：回到刚才读过的片段，找一找反复出现或推动情节的词。","《汤姆-索亚历险记》·第四章大名人（1）","汤姆

月亮隐去，太阳出现，白昼、黑夜轮回更替。","local-6年级-六年级上册必读-汤姆-索亚历险记","local-6年级-六年级上册必读-汤姆-索亚历险记-chapter-3","local-6年级-六年级上册必读-汤姆-索亚历险记-chapter-3-q1"
"pending","","","汤姆-索亚历险记","6","上册","必读","ice-mountain","第四章大名人（1）","plot_choice","2","雪峰向导摊开地图：如果要继续冒险，下面哪个行动最像这一段故事接下来会发生的事？","沿着“圣经”这条线索继续找 | 先离开故事去做别的事 | 假装什么都没有发生","0","沿着“圣经”这条线索继续找","","雪峰向导露出笑容：没错，真正的冒险者会顺着故事线索往前走。","雪峰向导指了指书页：想一想，这一段里什么事情让故事继续前进？","《汤姆-索亚历险记》·第四章大名人（1）","谁拥有十

张黄票，校长就会亲自给这个孩子颁奖，奖励他一本《圣经》。","local-6年级-六年级上册必读-汤姆-索亚历险记","local-6年级-六年级上册必读-汤姆-索亚历险记-chapter-3","local-6年级-六年级上册必读-汤姆-索亚历险记-chapter-3-q2"
"pending","","","汤姆-索亚历险记","6","上册","必读","ice-mountain","第四章大名人（1）","npc_dialogue","2","雪峰向导说：请用一句话告诉我，这段故事里发生了什么重要变化？","","","围绕“圣经”说明故事变化","提到“圣经”或同义线索 | 能说明人物、事件或情绪的变化 | 不是只抄一句无关原文","雪峰向导把这条线索记进冒险日志：说得好，我们可以继续前进了。","雪峰向导温和地说：可以再具体一点，说说谁做了什么，或者发生了什么变化。","《汤姆-索亚历险记》·第四章大名人（1）","如果再有一个颁奖仪式，那么整场的表演就近乎完美了。","local-6年级-六年级上册必读-汤姆-索亚历险记","local-6年级-六年级上册必读-汤姆-索亚历险记-chapter-3","local-6年级-六年级上册必读-汤姆-索亚历险记-chapter-3-q3"
"pending","","","鲁滨逊漂流记","6","上册","必读","ice-mountain","第一节 ·","memory","1","雪峰向导轻声问：刚才这段里，哪个线索最值得记住？","我想去航海 | 圣经 | 鲁滨孙漂流","0","我想去航海","","雪峰向导点点头：对，就是这个线索。你已经抓住故事里的关键了。","雪峰向导提醒你：回到刚才读过的片段，找一找反复出现或推动情节的词。","《鲁滨逊漂流记》·第一节 ·","·
我想去航海
鲁滨孙漂流海外的传奇故事大家都听过吧？","local-6年级-六年级上册必读-鲁滨逊漂流记","local-6年级-六年级上册必读-鲁滨逊漂流记-chapter-1","local-6年级-六年级上册必读-鲁滨逊漂流记-chapter-1-q1"
"pending","","","鲁滨逊漂流记","6","上册","必读","ice-mountain","第一节 ·","plot_choice","2","雪峰向导摊开地图：如果要继续冒险，下面哪个行动最像这一段故事接下来会发生的事？","沿着“圣经”这条线索继续找 | 先离开故事去做别的事 | 假装什么都没有发生","0","沿着“圣经”这条线索继续找","","雪峰向导露出笑容：没错，真正的冒险者会顺着故事线索往前走。","雪峰向导指了指书页：想一想，这一段里什么事情让故事继续前进？","《鲁滨逊漂流记》·第一节 ·","“
可是，父亲，我从小一直有这个梦想
……”
我着急地辩解。","local-6年级-六年级上册必读-鲁滨逊漂流记","local-6年级-六年级上册必读-鲁滨逊漂流记-chapter-1","local-6年级-六年级上册必读-鲁滨逊漂流记-chapter-1-q2"
"pending","","","鲁滨逊漂流记","6","上册","必读","ice-mountain","第一节 ·","npc_dialogue","2","雪峰向导说：请用一句话告诉我，这段故事里发生了什么重要变化？","","","围绕“圣经”说明故事变化","提到“圣经”或同义线索 | 能说明人物、事件或情绪的变化 | 不是只抄一句无关原文","雪峰向导把这条线索记进冒险日志：说得好，我们可以继续前进了。","雪峰向导温和地说：可以再具体一点，说说谁做了什么，或者发生了什么变化。","《鲁滨逊漂流记》·第一节 ·","父亲听了深为忧虑，对母亲叹息说：
“
这孩子要是能留在家里，
我肯定会好好栽培他，他的锦绣前程会让他生活得幸福，但如果他要到
海外去，我不敢想象那将是怎样一种场面，或许他也会送命的。","local-6年级-六年级上册必读-鲁滨逊漂流记","local-6年级-六年级上册必读-鲁滨逊漂流记-chapter-1","local-6年级-六年级上册必读-鲁滨逊漂流记-chapter-1-q3"
"pending","","","鲁滨逊漂流记","6","上册","必读","ice-mountain","第二节 ·","memory","1","雪峰向导轻声问：刚才这段里，哪个线索最值得记住？","悄悄出海春 | 喂鲁滨孙早啊 | 鲁滨孙","0","悄悄出海春","","雪峰向导点点头：对，就是这个线索。你已经抓住故事里的关键了。","雪峰向导提醒你：回到刚才读过的片段，找一找反复出现或推动情节的词。","《鲁滨逊漂流记》·第二节 ·","·
悄悄出海
春夏秋冬转了一圈，太阳起落三百多天。","local-6年级-六年级上册必读-鲁滨逊漂流记","local-6年级-六年级上册必读-鲁滨逊漂流记-chapter-2","local-6年级-六年级上册必读-鲁滨逊漂流记-chapter-2-q1"
"pending","","","鲁滨逊漂流记","6","上册","必读","ice-mountain","第二节 ·","plot_choice","2","雪峰向导摊开地图：如果要继续冒险，下面哪个行动最像这一段故事接下来会发生的事？","沿着“喂鲁滨孙早啊”这条线索继续找 | 先离开故事去做别的事 | 假装什么都没有发生","0","沿着“喂鲁滨孙早啊”这条线索继续找","","雪峰向导露出笑容：没错，真正的冒险者会顺着故事线索往前走。","雪峰向导指了指书页：想一想，这一段里什么事情让故事继续前进？","《鲁滨逊漂流记》·第二节 ·","但
是，我后来见过各种各样可怕的海浪后，也就习以为常了。","local-6年级-六年级上册必读-鲁滨逊漂流记","local-6年级-六年级上册必读-鲁滨逊漂流记-chapter-2","local-6年级-六年级上册必读-鲁滨逊漂流记-chapter-2-q2"
"pending","","","鲁滨逊漂流记","6","上册","必读","ice-mountain","第二节 ·","npc_dialogue","2","雪峰向导说：请用一句话告诉我，这段故事里发生了什么重要变化？","","","围绕“喂鲁滨孙早啊”说明故事变化","提到“喂鲁滨孙早啊”或同义线索 | 能说明人物、事件或情绪的变化 | 不是只抄一句无关原文","雪峰向导把这条线索记进冒险日志：说得好，我们可以继续前进了。","雪峰向导温和地说：可以再具体一点，说说谁做了什么，或者发生了什么变化。","《鲁滨逊漂流记》·第二节 ·","这是一种很
好的麻醉办法，喝醉酒后会把什么都忘了，那种飘飘欲仙的感觉真是舒
服极了。","local-6年级-六年级上册必读-鲁滨逊漂流记","local-6年级-六年级上册必读-鲁滨逊漂流记-chapter-2","local-6年级-六年级上册必读-鲁滨逊漂流记-chapter-2-q3"
"pending","","","鲁滨逊漂流记","6","上册","必读","ice-mountain","第三节 ·","memory","1","雪峰向导轻声问：刚才这段里，哪个线索最值得记住？","海神 | 船底漏水了 | 可是先生","0","海神","","雪峰向导点点头：对，就是这个线索。你已经抓住故事里的关键了。","雪峰向导提醒你：回到刚才读过的片段，找一找反复出现或推动情节的词。","《鲁滨逊漂流记》·第三节 ·","·
海上遇险
船出海的第六天，我们到达了雅茅斯锚地。","local-6年级-六年级上册必读-鲁滨逊漂流记","local-6年级-六年级上册必读-鲁滨逊漂流记-chapter-3","local-6年级-六年级上册必读-鲁滨逊漂流记-chapter-3-q1"
"pending","","","鲁滨逊漂流记","6","上册","必读","ice-mountain","第三节 ·","plot_choice","2","雪峰向导摊开地图：如果要继续冒险，下面哪个行动最像这一段故事接下来会发生的事？","沿着“海神”这条线索继续找 | 先离开故事去做别的事 | 假装什么都没有发生","0","沿着“海神”这条线索继续找","","雪峰向导露出笑容：没错，真正的冒险者会顺着故事线索往前走。","雪峰向导指了指书页：想一想，这一段里什么事情让故事继续前进？","《鲁滨逊漂流记》·第三节 ·","因为嫌我碍事，他一脚就把我
踢到了一边，任凭我躺在那里，他可能以为我已经死了。","local-6年级-六年级上册必读-鲁滨逊漂流记","local-6年级-六年级上册必读-鲁滨逊漂流记-chapter-3","local-6年级-六年级上册必读-鲁滨逊漂流记-chapter-3-q2"
"pending","","","鲁滨逊漂流记","6","上册","必读","ice-mountain","第三节 ·","npc_dialogue","2","雪峰向导说：请用一句话告诉我，这段故事里发生了什么重要变化？","","","围绕“海神”说明故事变化","提到“海神”或同义线索 | 能说明人物、事件或情绪的变化 | 不是只抄一句无关原文","雪峰向导把这条线索记进冒险日志：说得好，我们可以继续前进了。","雪峰向导温和地说：可以再具体一点，说说谁做了什么，或者发生了什么变化。","《鲁滨逊漂流记》·第三节 ·","就这样，
我把所有的犹豫都抛到脑后，重新打起精神，再次奔向我的航海梦想。","local-6年级-六年级上册必读-鲁滨逊漂流记","local-6年级-六年级上册必读-鲁滨逊漂流记-chapter-3","local-6年级-六年级上册必读-鲁滨逊漂流记-chapter-3-q3"
"pending","","","格列佛游记","6","下册","必读","magic-forest","0.56825（1）","memory","1","林间守护者轻声问：刚才这段里，哪个线索最值得记住？","赫够 | 海奇那 | 得古尔","0","赫够","","林间守护者点点头：对，就是这个线索。你已经抓住故事里的关键了。","林间守护者提醒你：回到刚才读过的片段，找一找反复出现或推动情节的词。","《格列佛游记》·0.56825（1）","我在草地上

躺下来，草很短，软绵绵的，一觉睡去，真是从未有过的酣畅香甜。","local-6年级-六年级下册必读-格列佛游记","local-6年级-六年级下册必读-格列佛游记-chapter-1","local-6年级-六年级下册必读-格列佛游记-chapter-1-q1"
"pending","","","格列佛游记","6","下册","必读","magic-forest","0.56825（1）","plot_choice","2","林间守护者摊开地图：如果要继续冒险，下面哪个行动最像这一段故事接下来会发生的事？","沿着“赫够”这条线索继续找 | 先离开故事去做别的事 | 假装什么都没有发生","0","沿着“赫够”这条线索继续找","","林间守护者露出笑容：没错，真正的冒险者会顺着故事线索往前走。","林间守护者指了指书页：想一想，这一段里什么事情让故事继续前进？","《格列佛游记》·0.56825（1）","离开大船到现在，已经十几个钟头没吃一点东西了，真是饥肠辘辘。","local-6年级-六年级下册必读-格列佛游记","local-6年级-六年级下册必读-格列佛游记-chapter-1","local-6年级-六年级下册必读-格列佛游记-chapter-1-q2"
"pending","","","格列佛游记","6","下册","必读","magic-forest","0.56825（1）","npc_dialogue","2","林间守护者说：请用一句话告诉我，这段故事里发生了什么重要变化？","","","围绕“赫够”说明故事变化","提到“赫够”或同义线索 | 能说明人物、事件或情绪的变化 | 不是只抄一句无关原文","林间守护者把这条线索记进冒险日志：说得好，我们可以继续前进了。","林间守护者温和地说：可以再具体一点，说说谁做了什么，或者发生了什么变化。","《格列佛游记》·0.56825（1）","国

王立刻召开会议，决定把我按前面叙述的方式绑起来（这是在我夜里睡

着时干的），给我准备好充足的酒肉送来，并且预备了一种机械把我运

到京城。","local-6年级-六年级下册必读-格列佛游记","local-6年级-六年级下册必读-格列佛游记-chapter-1","local-6年级-六年级下册必读-格列佛游记-chapter-1-q3"
"pending","","","格列佛游记","6","下册","必读","magic-forest","0.56825（2）","memory","1","林间守护者轻声问：刚才这段里，哪个线索最值得记住？","这一决定也 | 许太大胆和 | 危险了","0","这一决定也","","林间守护者点点头：对，就是这个线索。你已经抓住故事里的关键了。","林间守护者提醒你：回到刚才读过的片段，找一找反复出现或推动情节的词。","《格列佛游记》·0.56825（2）","这一决定也许太大胆和危险了，我相信在同样的情形下，任何一位

欧洲君主都不会效仿的。","local-6年级-六年级下册必读-格列佛游记","local-6年级-六年级下册必读-格列佛游记-chapter-2","local-6年级-六年级下册必读-格列佛游记-chapter-2-q1"
"pending","","","格列佛游记","6","下册","必读","magic-forest","0.56825（2）","plot_choice","2","林间守护者摊开地图：如果要继续冒险，下面哪个行动最像这一段故事接下来会发生的事？","沿着“这一决定也”这条线索继续找 | 先离开故事去做别的事 | 假装什么都没有发生","0","沿着“这一决定也”这条线索继续找","","林间守护者露出笑容：没错，真正的冒险者会顺着故事线索往前走。","林间守护者指了指书页：想一想，这一段里什么事情让故事继续前进？","《格列佛游记》·0.56825（2）","几个小时以来，我一直克制着自己想大便的冲动。","local-6年级-六年级下册必读-格列佛游记","local-6年级-六年级下册必读-格列佛游记-chapter-2","local-6年级-六年级下册必读-格列佛游记-chapter-2-q2"
"pending","","","格列佛游记","6","下册","必读","magic-forest","0.56825（2）","npc_dialogue","2","林间守护者说：请用一句话告诉我，这段故事里发生了什么重要变化？","","","围绕“这一决定也”说明故事变化","提到“这一决定也”或同义线索 | 能说明人物、事件或情绪的变化 | 不是只抄一句无关原文","林间守护者把这条线索记进冒险日志：说得好，我们可以继续前进了。","林间守护者温和地说：可以再具体一点，说说谁做了什么，或者发生了什么变化。","《格列佛游记》·0.56825（2）","我把他们一起放在右手上，先把其中的五个放到大衣口袋里，又对","local-6年级-六年级下册必读-格列佛游记","local-6年级-六年级下册必读-格列佛游记-chapter-2","local-6年级-六年级下册必读-格列佛游记-chapter-2-q3"
"pending","","","格列佛游记","6","下册","必读","magic-forest","0.56825（3）","memory","1","林间守护者轻声问：刚才这段里，哪个线索最值得记住？","兰弗罗 | 到地上 | 开来","0","兰弗罗","","林间守护者点点头：对，就是这个线索。你已经抓住故事里的关键了。","林间守护者提醒你：回到刚才读过的片段，找一找反复出现或推动情节的词。","《格列佛游记》·0.56825（3）","第六个做出要活活吃了他的表情，吓得他哇哇大哭。","local-6年级-六年级下册必读-格列佛游记","local-6年级-六年级下册必读-格列佛游记-chapter-3","local-6年级-六年级下册必读-格列佛游记-chapter-3-q1"
"pending","","","格列佛游记","6","下册","必读","magic-forest","0.56825（3）","plot_choice","2","林间守护者摊开地图：如果要继续冒险，下面哪个行动最像这一段故事接下来会发生的事？","沿着“兰弗罗”这条线索继续找 | 先离开故事去做别的事 | 假装什么都没有发生","0","沿着“兰弗罗”这条线索继续找","","林间守护者露出笑容：没错，真正的冒险者会顺着故事线索往前走。","林间守护者指了指书页：想一想，这一段里什么事情让故事继续前进？","《格列佛游记》·0.56825（3）","国王说让我接受两个军官的搜查是国家法律规定的；他也知道

如果没有我的同意和帮助是不可能的。","local-6年级-六年级下册必读-格列佛游记","local-6年级-六年级下册必读-格列佛游记-chapter-3","local-6年级-六年级下册必读-格列佛游记-chapter-3-q2"
"pending","","","格列佛游记","6","下册","必读","magic-forest","0.56825（3）","npc_dialogue","2","林间守护者说：请用一句话告诉我，这段故事里发生了什么重要变化？","","","围绕“兰弗罗”说明故事变化","提到“兰弗罗”或同义线索 | 能说明人物、事件或情绪的变化 | 不是只抄一句无关原文","林间守护者把这条线索记进冒险日志：说得好，我们可以继续前进了。","林间守护者温和地说：可以再具体一点，说说谁做了什么，或者发生了什么变化。","《格列佛游记》·0.56825（3）","克莱弗伦

·

弗

利

罗克

马尔

西

·

弗

利

罗克

这份清单给国王宣读之后，他虽然措辞极其委婉，还是命令我交出","local-6年级-六年级下册必读-格列佛游记","local-6年级-六年级下册必读-格列佛游记-chapter-3","local-6年级-六年级下册必读-格列佛游记-chapter-3-q3"
"pending","","","老人与海","6","下册","必读","ocean-ruins","第一章都是打鱼人","memory","1","海底探路员轻声问：刚才这段里，哪个线索最值得记住？","倒了血霉 | 那就一条吧 | 两条","0","倒了血霉","","海底探路员点点头：对，就是这个线索。你已经抓住故事里的关键了。","海底探路员提醒你：回到刚才读过的片段，找一找反复出现或推动情节的词。","《老人与海》·第一章都是打鱼人","圣地亚哥是个在科希马尔海港附近独自驾驶小船捕鱼的老人。","local-6年级-六年级下册必读-老人与海","local-6年级-六年级下册必读-老人与海-chapter-1","local-6年级-六年级下册必读-老人与海-chapter-1-q1"
"pending","","","老人与海","6","下册","必读","ocean-ruins","第一章都是打鱼人","plot_choice","2","海底探路员摊开地图：如果要继续冒险，下面哪个行动最像这一段故事接下来会发生的事？","沿着“倒了血霉”这条线索继续找 | 先离开故事去做别的事 | 假装什么都没有发生","0","沿着“倒了血霉”这条线索继续找","","海底探路员露出笑容：没错，真正的冒险者会顺着故事线索往前走。","海底探路员指了指书页：想一想，这一段里什么事情让故事继续前进？","《老人与海》·第一章都是打鱼人","”
“
那我也想法叫船主人驶到远方，这样的话，如果你钓到了大鱼，
我们就可以赶过去帮忙。","local-6年级-六年级下册必读-老人与海","local-6年级-六年级下册必读-老人与海-chapter-1","local-6年级-六年级下册必读-老人与海-chapter-1-q2"
"pending","","","老人与海","6","下册","必读","ocean-ruins","第一章都是打鱼人","npc_dialogue","2","海底探路员说：请用一句话告诉我，这段故事里发生了什么重要变化？","","","围绕“倒了血霉”说明故事变化","提到“倒了血霉”或同义线索 | 能说明人物、事件或情绪的变化 | 不是只抄一句无关原文","海底探路员把这条线索记进冒险日志：说得好，我们可以继续前进了。","海底探路员温和地说：可以再具体一点，说说谁做了什么，或者发生了什么变化。","《老人与海》·第一章都是打鱼人","老人
看着远去的小小身影，脸上浮现出一丝温情的笑。","local-6年级-六年级下册必读-老人与海","local-6年级-六年级下册必读-老人与海-chapter-1","local-6年级-六年级下册必读-老人与海-chapter-1-q3"
"pending","","","老人与海","6","下册","必读","ocean-ruins","第二章祝你好运","memory","1","海底探路员轻声问：刚才这段里，哪个线索最值得记住？","对不起 | 嘿嘿 | 也祝你好运","0","对不起","","海底探路员点点头：对，就是这个线索。你已经抓住故事里的关键了。","海底探路员提醒你：回到刚才读过的片段，找一找反复出现或推动情节的词。","《老人与海》·第二章祝你好运","他的脑袋向前耷拉着，整个
脸上就见不着丝毫生气。","local-6年级-六年级下册必读-老人与海","local-6年级-六年级下册必读-老人与海-chapter-2","local-6年级-六年级下册必读-老人与海-chapter-2-q1"
"pending","","","老人与海","6","下册","必读","ocean-ruins","第二章祝你好运","plot_choice","2","海底探路员摊开地图：如果要继续冒险，下面哪个行动最像这一段故事接下来会发生的事？","沿着“对不起”这条线索继续找 | 先离开故事去做别的事 | 假装什么都没有发生","0","沿着“对不起”这条线索继续找","","海底探路员露出笑容：没错，真正的冒险者会顺着故事线索往前走。","海底探路员指了指书页：想一想，这一段里什么事情让故事继续前进？","《老人与海》·第二章祝你好运","我
也许不像以前那样强壮，可还是懂得不少捕鱼的窍门，而且有着坚强的
决心和毅力。","local-6年级-六年级下册必读-老人与海","local-6年级-六年级下册必读-老人与海-chapter-2","local-6年级-六年级下册必读-老人与海-chapter-2-q2"
"pending","","","老人与海","6","下册","必读","ocean-ruins","第二章祝你好运","npc_dialogue","2","海底探路员说：请用一句话告诉我，这段故事里发生了什么重要变化？","","","围绕“对不起”说明故事变化","提到“对不起”或同义线索 | 能说明人物、事件或情绪的变化 | 不是只抄一句无关原文","海底探路员把这条线索记进冒险日志：说得好，我们可以继续前进了。","海底探路员温和地说：可以再具体一点，说说谁做了什么，或者发生了什么变化。","《老人与海》·第二章祝你好运","此时，月亮已没入山背后，这是黎明前最黑暗的一
刻，圣地亚哥知道自己将要驶向远方，他把陆地的气息统统抛在后方，
只带了男孩的祝福，缓缓划进清晨海洋的清新气息中。","local-6年级-六年级下册必读-老人与海","local-6年级-六年级下册必读-老人与海-chapter-2","local-6年级-六年级下册必读-老人与海-chapter-2-q3"
"pending","","","老人与海","6","下册","必读","ocean-ruins","第三章军舰鸟与金枪鱼","memory","1","海底探路员轻声问：刚才这段里，哪个线索最值得记住？","鲯鳅 | 大鲯鳅 | 它肯定是发现什么啦","0","鲯鳅","","海底探路员点点头：对，就是这个线索。你已经抓住故事里的关键了。","海底探路员提醒你：回到刚才读过的片段，找一找反复出现或推动情节的词。","《老人与海》·第三章军舰鸟与金枪鱼","老人划船出海不多会儿，就能听
见飞鱼出水时的颤抖声，还有它们凌空飞翔时平展双翅发出的咝咝声。","local-6年级-六年级下册必读-老人与海","local-6年级-六年级下册必读-老人与海-chapter-3","local-6年级-六年级下册必读-老人与海-chapter-3-q1"
"pending","","","老人与海","6","下册","必读","ocean-ruins","第三章军舰鸟与金枪鱼","plot_choice","2","海底探路员摊开地图：如果要继续冒险，下面哪个行动最像这一段故事接下来会发生的事？","沿着“鲯鳅”这条线索继续找 | 先离开故事去做别的事 | 假装什么都没有发生","0","沿着“鲯鳅”这条线索继续找","","海底探路员露出笑容：没错，真正的冒险者会顺着故事线索往前走。","海底探路员指了指书页：想一想，这一段里什么事情让故事继续前进？","《老人与海》·第三章军舰鸟与金枪鱼","军舰鸟显然不是飞鱼的对手，接连十几次飞鱼都逃脱了它的布控。","local-6年级-六年级下册必读-老人与海","local-6年级-六年级下册必读-老人与海-chapter-3","local-6年级-六年级下册必读-老人与海-chapter-3-q2"
"pending","","","老人与海","6","下册","必读","ocean-ruins","第三章军舰鸟与金枪鱼","npc_dialogue","2","海底探路员说：请用一句话告诉我，这段故事里发生了什么重要变化？","","","围绕“鲯鳅”说明故事变化","提到“鲯鳅”或同义线索 | 能说明人物、事件或情绪的变化 | 不是只抄一句无关原文","海底探路员把这条线索记进冒险日志：说得好，我们可以继续前进了。","海底探路员温和地说：可以再具体一点，说说谁做了什么，或者发生了什么变化。","《老人与海》·第三章军舰鸟与金枪鱼","阳光经过海水的折射，幻化成七色彩虹，直直透
入深海中，还能看清那几根笔直垂入水中一英寻深的钓索，金枪鱼群已
经完全无迹可寻了。","local-6年级-六年级下册必读-老人与海","local-6年级-六年级下册必读-老人与海-chapter-3","local-6年级-六年级下册必读-老人与海-chapter-3-q3"
"pending","","","三国演义","6","上册","必读","ancient-desert","一、作者问题","memory","1","沙漠记录员轻声问：刚才这段里，哪个线索最值得记住？","演义 | 三国志演义 | 嘉靖本","0","演义","","沙漠记录员点点头：对，就是这个线索。你已经抓住故事里的关键了。","沙漠记录员提醒你：回到刚才读过的片段，找一找反复出现或推动情节的词。","《三国演义》·一、作者问题","《三国演义》的作者本来不成问题，学界一致认定罗贯中就是它的
作者。","local-6年级-六年级上册必读-三国演义","local-6年级-六年级上册必读-三国演义-chapter-1","local-6年级-六年级上册必读-三国演义-chapter-1-q1"
"pending","","","三国演义","6","上册","必读","ancient-desert","一、作者问题","plot_choice","2","沙漠记录员摊开地图：如果要继续冒险，下面哪个行动最像这一段故事接下来会发生的事？","沿着“三国志演义”这条线索继续找 | 先离开故事去做别的事 | 假装什么都没有发生","0","沿着“三国志演义”这条线索继续找","","沙漠记录员露出笑容：没错，真正的冒险者会顺着故事线索往前走。","沙漠记录员指了指书页：想一想，这一段里什么事情让故事继续前进？","《三国演义》·一、作者问题","然而有些学者不以为然，他们认为只有《三国志演义》才是该书书
名的最佳选择，其他书名都要不得。","local-6年级-六年级上册必读-三国演义","local-6年级-六年级上册必读-三国演义-chapter-1","local-6年级-六年级上册必读-三国演义-chapter-1-q2"
"pending","","","三国演义","6","上册","必读","ancient-desert","一、作者问题","npc_dialogue","2","沙漠记录员说：请用一句话告诉我，这段故事里发生了什么重要变化？","","","围绕“演义”说明故事变化","提到“演义”或同义线索 | 能说明人物、事件或情绪的变化 | 不是只抄一句无关原文","沙漠记录员把这条线索记进冒险日志：说得好，我们可以继续前进了。","沙漠记录员温和地说：可以再具体一点，说说谁做了什么，或者发生了什么变化。","《三国演义》·一、作者问题","总而言之，《三国演义》一名既然早在明代已有，如今又已通行，
而且文从字顺，简捷明了，朗朗上口，因此我们没有任何理由将它废
除。","local-6年级-六年级上册必读-三国演义","local-6年级-六年级上册必读-三国演义-chapter-1","local-6年级-六年级上册必读-三国演义-chapter-1-q3"
"pending","","","三国演义","6","上册","必读","ancient-desert","三、校勘问题","memory","1","沙漠记录员轻声问：刚才这段里，哪个线索最值得记住？","嘉靖本 | 毛本 | 衷甲","0","嘉靖本","","沙漠记录员点点头：对，就是这个线索。你已经抓住故事里的关键了。","沙漠记录员提醒你：回到刚才读过的片段，找一找反复出现或推动情节的词。","《三国演义》·三、校勘问题","前面已经说过，现存明、清两代的《三国演义》版本多达三十馀
种。","local-6年级-六年级上册必读-三国演义","local-6年级-六年级上册必读-三国演义-chapter-2","local-6年级-六年级上册必读-三国演义-chapter-2-q1"
"pending","","","三国演义","6","上册","必读","ancient-desert","三、校勘问题","plot_choice","2","沙漠记录员摊开地图：如果要继续冒险，下面哪个行动最像这一段故事接下来会发生的事？","沿着“衷甲”这条线索继续找 | 先离开故事去做别的事 | 假装什么都没有发生","0","沿着“衷甲”这条线索继续找","","沙漠记录员露出笑容：没错，真正的冒险者会顺着故事线索往前走。","沙漠记录员指了指书页：想一想，这一段里什么事情让故事继续前进？","《三国演义》·三、校勘问题","可见
“
裏甲
”
或
“
裏甲
”
皆因形似
“
衷甲
”
而致误，故从
“
衷甲
”
。","local-6年级-六年级上册必读-三国演义","local-6年级-六年级上册必读-三国演义-chapter-2","local-6年级-六年级上册必读-三国演义-chapter-2-q2"
"pending","","","三国演义","6","上册","必读","ancient-desert","三、校勘问题","npc_dialogue","2","沙漠记录员说：请用一句话告诉我，这段故事里发生了什么重要变化？","","","围绕“嘉靖本”说明故事变化","提到“嘉靖本”或同义线索 | 能说明人物、事件或情绪的变化 | 不是只抄一句无关原文","沙漠记录员把这条线索记进冒险日志：说得好，我们可以继续前进了。","沙漠记录员温和地说：可以再具体一点，说说谁做了什么，或者发生了什么变化。","《三国演义》·三、校勘问题","其他个别文字改动者，不胜枚举，不再一一赘述。","local-6年级-六年级上册必读-三国演义","local-6年级-六年级上册必读-三国演义-chapter-2","local-6年级-六年级上册必读-三国演义-chapter-2-q3"
"pending","","","三国演义","6","上册","必读","ancient-desert","四、注释问题（1）","memory","1","沙漠记录员轻声问：刚才这段里，哪个线索最值得记住？","御衣黄 | 斩白蛇起义 | 姚魏御衣","0","御衣黄","","沙漠记录员点点头：对，就是这个线索。你已经抓住故事里的关键了。","沙漠记录员提醒你：回到刚才读过的片段，找一找反复出现或推动情节的词。","《三国演义》·四、注释问题（1）","由于我国历史悠久，古今语言差别很大，这为后人阅读前人的著作

造成很大困难。","local-6年级-六年级上册必读-三国演义","local-6年级-六年级上册必读-三国演义-chapter-3","local-6年级-六年级上册必读-三国演义-chapter-3-q1"
"pending","","","三国演义","6","上册","必读","ancient-desert","四、注释问题（1）","plot_choice","2","沙漠记录员摊开地图：如果要继续冒险，下面哪个行动最像这一段故事接下来会发生的事？","沿着“御衣黄”这条线索继续找 | 先离开故事去做别的事 | 假装什么都没有发生","0","沿着“御衣黄”这条线索继续找","","沙漠记录员露出笑容：没错，真正的冒险者会顺着故事线索往前走。","沙漠记录员指了指书页：想一想，这一段里什么事情让故事继续前进？","《三国演义》·四、注释问题（1）","这一错误在再版时虽然作了修正，但仍

有其他断句的错误。","local-6年级-六年级上册必读-三国演义","local-6年级-六年级上册必读-三国演义-chapter-3","local-6年级-六年级上册必读-三国演义-chapter-3-q2"
"pending","","","三国演义","6","上册","必读","ancient-desert","四、注释问题（1）","npc_dialogue","2","沙漠记录员说：请用一句话告诉我，这段故事里发生了什么重要变化？","","","围绕“御衣黄”说明故事变化","提到“御衣黄”或同义线索 | 能说明人物、事件或情绪的变化 | 不是只抄一句无关原文","沙漠记录员把这条线索记进冒险日志：说得好，我们可以继续前进了。","沙漠记录员温和地说：可以再具体一点，说说谁做了什么，或者发生了什么变化。","《三国演义》·四、注释问题（1）","张角闻知事露，星夜举兵，自称

“

天公将军

”

，张宝称","local-6年级-六年级上册必读-三国演义","local-6年级-六年级上册必读-三国演义-chapter-3","local-6年级-六年级上册必读-三国演义-chapter-3-q3"
"pending","","","水浒传","5","上册","必读","ancient-desert","水浒传 片段 1","memory","1","沙漠记录员轻声问：刚才这段里，哪个线索最值得记住？","中州 | 造武德舞 | 四百州","0","中州","","沙漠记录员点点头：对，就是这个线索。你已经抓住故事里的关键了。","沙漠记录员提醒你：回到刚才读过的片段，找一找反复出现或推动情节的词。","《水浒传》·水浒传 片段 1","引首
词曰：
试看书林隐处
，几多俊逸儒流
。","local-5年级-五年级上册必读-水浒传","local-5年级-五年级上册必读-水浒传-chapter-1","local-5年级-五年级上册必读-水浒传-chapter-1-q1"
"pending","","","水浒传","5","上册","必读","ancient-desert","水浒传 片段 1","plot_choice","2","沙漠记录员摊开地图：如果要继续冒险，下面哪个行动最像这一段故事接下来会发生的事？","沿着“中州”这条线索继续找 | 先离开故事去做别的事 | 假装什么都没有发生","0","沿着“中州”这条线索继续找","","沙漠记录员露出笑容：没错，真正的冒险者会顺着故事线索往前走。","沙漠记录员指了指书页：想一想，这一段里什么事情让故事继续前进？","《水浒传》·水浒传 片段 1","自皇祐四年至嘉祐二年
，这九年
田禾大熟，谓之三登。","local-5年级-五年级上册必读-水浒传","local-5年级-五年级上册必读-水浒传-chapter-1","local-5年级-五年级上册必读-水浒传-chapter-1-q2"
"pending","","","水浒传","5","上册","必读","ancient-desert","水浒传 片段 1","npc_dialogue","2","沙漠记录员说：请用一句话告诉我，这段故事里发生了什么重要变化？","","","围绕“中州”说明故事变化","提到“中州”或同义线索 | 能说明人物、事件或情绪的变化 | 不是只抄一句无关原文","沙漠记录员把这条线索记进冒险日志：说得好，我们可以继续前进了。","沙漠记录员温和地说：可以再具体一点，说说谁做了什么，或者发生了什么变化。","《水浒传》·水浒传 片段 1","19
.
九朝八帝——指北宋和南宋共三百壹拾九年的赵氏帝王，即：太祖(赵匡胤)、太宗","local-5年级-五年级上册必读-水浒传","local-5年级-五年级上册必读-水浒传-chapter-1","local-5年级-五年级上册必读-水浒传-chapter-1-q3"
"pending","","","水浒传","5","上册","必读","ancient-desert","水浒传 片段 2","memory","1","沙漠记录员轻声问：刚才这段里，哪个线索最值得记住？","赤脚仙人 | 宋史 | 八帝","0","赤脚仙人","","沙漠记录员点点头：对，就是这个线索。你已经抓住故事里的关键了。","沙漠记录员提醒你：回到刚才读过的片段，找一找反复出现或推动情节的词。","《水浒传》·水浒传 片段 2","(炅，又名光义)、真宗(恒)、仁宗(祯)、英宗(曙)、神宗(顼)、哲宗(煦)、徽宗(佶)、
钦宗(桓)，谓北宋九朝；高宗(构)、孝宗(昚)、光宗(惇)、宁宗(扩)、理宗(昀)、度宗
(禥)、恭宗(
)、端宗(昰)、帝昺(昺)，谓南宋九帝。","local-5年级-五年级上册必读-水浒传","local-5年级-五年级上册必读-水浒传-chapter-2","local-5年级-五年级上册必读-水浒传-chapter-2-q1"
"pending","","","水浒传","5","上册","必读","ancient-desert","水浒传 片段 2","plot_choice","2","沙漠记录员摊开地图：如果要继续冒险，下面哪个行动最像这一段故事接下来会发生的事？","沿着“赤脚仙人”这条线索继续找 | 先离开故事去做别的事 | 假装什么都没有发生","0","沿着“赤脚仙人”这条线索继续找","","沙漠记录员露出笑容：没错，真正的冒险者会顺着故事线索往前走。","沙漠记录员指了指书页：想一想，这一段里什么事情让故事继续前进？","《水浒传》·水浒传 片段 2","34
.
天圣元年——公元1023年，乃仁宗登基之始。","local-5年级-五年级上册必读-水浒传","local-5年级-五年级上册必读-水浒传-chapter-2","local-5年级-五年级上册必读-水浒传-chapter-2-q2"
"pending","","","水浒传","5","上册","必读","ancient-desert","水浒传 片段 2","npc_dialogue","2","沙漠记录员说：请用一句话告诉我，这段故事里发生了什么重要变化？","","","围绕“赤脚仙人”说明故事变化","提到“赤脚仙人”或同义线索 | 能说明人物、事件或情绪的变化 | 不是只抄一句无关原文","沙漠记录员把这条线索记进冒险日志：说得好，我们可以继续前进了。","沙漠记录员温和地说：可以再具体一点，说说谁做了什么，或者发生了什么变化。","《水浒传》·水浒传 片段 2","以臣愚意，要禳此灾，可宣嗣汉天师星夜临朝，就京
师禁院修设三千六百分罗天大醮
，奏闻上帝，可以禳保民间瘟疫。","local-5年级-五年级上册必读-水浒传","local-5年级-五年级上册必读-水浒传-chapter-2","local-5年级-五年级上册必读-水浒传-chapter-2-q3"
"pending","","","水浒传","5","上册","必读","ancient-desert","水浒传 片段 3","memory","1","沙漠记录员轻声问：刚才这段里，哪个线索最值得记住？","你不要说谎 | 天师今在何处 | 目今天子宣诏如何得见","0","你不要说谎","","沙漠记录员点点头：对，就是这个线索。你已经抓住故事里的关键了。","沙漠记录员提醒你：回到刚才读过的片段，找一找反复出现或推动情节的词。","《水浒传》·水浒传 片段 3","仁宗天子准奏，急令翰林学士草诏一道，天子御笔亲书，并降御香
一炷，钦差内外提点殿前太尉洪信为天使
，前往江西信州龙虎山
，
宣请嗣汉天师张真人星夜临朝
，祈禳瘟疫。","local-5年级-五年级上册必读-水浒传","local-5年级-五年级上册必读-水浒传-chapter-3","local-5年级-五年级上册必读-水浒传-chapter-3-q1"
"pending","","","水浒传","5","上册","必读","ancient-desert","水浒传 片段 3","plot_choice","2","沙漠记录员摊开地图：如果要继续冒险，下面哪个行动最像这一段故事接下来会发生的事？","沿着“你不要说谎”这条线索继续找 | 先离开故事去做别的事 | 假装什么都没有发生","0","沿着“你不要说谎”这条线索继续找","","沙漠记录员露出笑容：没错，真正的冒险者会顺着故事线索往前走。","沙漠记录员指了指书页：想一想，这一段里什么事情让故事继续前进？","《水浒传》·水浒传 片段 3","锥尖像小，崎峻似峭，悬空似险，削躐如平。","local-5年级-五年级上册必读-水浒传","local-5年级-五年级上册必读-水浒传-chapter-3","local-5年级-五年级上册必读-水浒传-chapter-3-q2"
"pending","","","水浒传","5","上册","必读","ancient-desert","水浒传 片段 3","npc_dialogue","2","沙漠记录员说：请用一句话告诉我，这段故事里发生了什么重要变化？","","","围绕“你不要说谎”说明故事变化","提到“你不要说谎”或同义线索 | 能说明人物、事件或情绪的变化 | 不是只抄一句无关原文","沙漠记录员把这条线索记进冒险日志：说得好，我们可以继续前进了。","沙漠记录员温和地说：可以再具体一点，说说谁做了什么，或者发生了什么变化。","《水浒传》·水浒传 片段 3","”欲待再上山去，方才惊唬的苦，
争些儿送了性命
，不如下山去罢。","local-5年级-五年级上册必读-水浒传","local-5年级-五年级上册必读-水浒传-chapter-3","local-5年级-五年级上册必读-水浒传-chapter-3-q3"
